id,name,isGroup,gender,numOfScenes,numOfSpeechActs,numOfWords,degree,weightedDegree,closeness,betweenness,eigenvector
argelie,Argélie,False,FEMALE,12,51,4015,5,14,0.7777777777777778,0.031746031746031744,0.40512905122318027
clytie,Clytie,False,FEMALE,4,13,436,5,7,0.7777777777777778,0.07142857142857142,0.38855460176743567
timagene,Timagene,False,MALE,6,28,1524,4,11,0.7,0.0,0.3572831146880344
phoenix,Phoenix,False,MALE,11,38,3101,6,19,0.875,0.12698412698412698,0.4382101171598759
ismene,Ismene,False,FEMALE,19,85,4855,7,28,1.0,0.2936507936507936,0.46948160423927704
dione,Dione,False,FEMALE,5,12,318,2,6,0.5833333333333334,0.0,0.18018500037032203
arcas,Arcas,False,MALE,6,19,852,3,9,0.6363636363636364,0.0,0.2756878355313939
cleon,Cléon,False,MALE,2,8,578,2,2,0.5833333333333334,0.0,0.1906122995516736
