id,name,isGroup,gender,numOfScenes,numOfSpeechActs,numOfWords,degree,weightedDegree,closeness,betweenness,eigenvector
la-comedie-italienne,La Comedie Italienne,False,UNKNOWN,1,1,353,0,0,0.0,0.0,2.3332665306333408e-07
pierrot,Pierrot,False,MALE,10,70,1813,5,17,0.8333333333333334,0.5333333333333333,0.6317813784194264
colombine,Colombine,False,FEMALE,8,27,292,2,14,0.5208333333333334,0.0,0.36961928426391333
arlequin,Arlequin,False,MALE,8,38,914,2,14,0.5208333333333334,0.0,0.3696192842639133
le-guet,Le Guet,False,MALE,1,1,181,2,2,0.5208333333333334,0.0,0.36961928426391333
le-sergent,Le Sergent,False,UNKNOWN,1,8,24,2,2,0.5208333333333334,0.0,0.36961928426391333
le-docteur,Le Docteur,False,MALE,1,14,104,1,1,0.462962962962963,0.0,0.23319225691116963
