id,name,isGroup,gender,numOfScenes,numOfSpeechActs,numOfWords,degree,weightedDegree,closeness,betweenness,eigenvector
frontin,Frontin,False,MALE,10,83,1781,4,18,0.8333333333333334,0.0,0.39174684138317695
valere,Valère,False,MALE,7,52,940,4,16,0.8333333333333334,0.0,0.39174684138317695
madame-de-falignac,Madame de Falignac,False,FEMALE,10,35,463,5,20,1.0,0.06666666666666667,0.44762077312141496
philaminte,Philaminte,False,FEMALE,9,52,929,5,21,1.0,0.06666666666666667,0.44762077312141496
lisette,Lisette,False,FEMALE,8,49,886,5,16,1.0,0.06666666666666667,0.44762077312141496
criquet,Criquet,False,MALE,2,10,249,3,5,0.7142857142857143,0.0,0.30327504833594265
