id,name,isGroup,gender,numOfScenes,numOfSpeechActs,numOfWords,degree,weightedDegree,closeness,betweenness,eigenvector
laurence,Laurence,False,UNKNOWN,15,138,2489,7,27,1.0,0.01904761904761905,0.37273098310096925
sophie,Sophie,False,UNKNOWN,12,82,1429,7,25,1.0,0.01904761904761905,0.37273098310096925
madame-dupre,Madame Dupré,False,FEMALE,11,80,1328,5,18,0.7777777777777778,0.0,0.28407109579744205
gersaint,Gersaint,False,MALE,12,76,1983,7,28,1.0,0.01904761904761905,0.37273098310096925
dupre,Dupré,False,MALE,8,58,984,7,22,1.0,0.01904761904761905,0.37273098310096925
ernest,Ernest,False,UNKNOWN,15,144,2878,7,31,1.0,0.01904761904761905,0.37273098310096925
le-marquis,Le Marquis,False,UNKNOWN,5,22,429,6,16,0.875,0.0,0.33515793569253693
la-comtesse,La Comtesse,False,UNKNOWN,3,18,206,6,13,0.875,0.0,0.33515793569253693
