id,name,isGroup,gender,numOfScenes,numOfSpeechActs,numOfWords,degree,weightedDegree,closeness,betweenness,eigenvector
henriette,Henriette,False,FEMALE,8,45,496,5,16,0.8571428571428571,0.0,0.40450904413516037
agathe,Agathe,False,FEMALE,10,56,1026,5,16,0.8571428571428571,0.0,0.40450904413516037
sainville,Sainville,False,MALE,12,73,1327,5,27,0.8571428571428571,0.0,0.40450904413516037
madame-belval,Madame Belval,False,FEMALE,19,169,2919,5,40,0.8571428571428571,0.0,0.40450904413516037
monsieur-de-gouvignac,Monsieur de Gouvignac,False,MALE,17,202,3165,6,29,1.0,0.3333333333333333,0.41827986162956227
daricour,Daricour,False,MALE,10,64,1016,5,21,0.8571428571428571,0.0,0.40450904413516037
cleofile,Cléofile,False,FEMALE,1,27,730,1,1,0.5454545454545454,0.0,0.08309105499058708
