id,name,isGroup,gender,numOfScenes,numOfSpeechActs,numOfWords,degree,weightedDegree,closeness,betweenness,eigenvector
folleville,Folleville,False,MALE,11,91,2174,6,17,0.875,0.04365079365079364,0.3785582047939303
daiglemont,Daiglemont,False,MALE,15,93,1974,7,25,1.0,0.08730158730158728,0.417305930807862
deschamps,Deschamps,False,MALE,10,64,1249,4,14,0.7,0.011904761904761904,0.2589947571034766
monsieur-daiglemont,Monsieur Daiglemont,False,MALE,17,116,2298,7,28,1.0,0.08730158730158728,0.41730593080786194
l-hotesse,L'Hôtesse,False,FEMALE,7,54,1011,4,9,0.7,0.011904761904761904,0.25899475710347664
julie,Julie,False,FEMALE,13,57,825,6,19,0.875,0.04365079365079364,0.37855820479393026
jourdain,Jourdain,False,MALE,6,35,384,5,14,0.7777777777777778,0.0,0.33981047877999865
michel,Michel,False,MALE,6,37,466,5,14,0.7777777777777778,0.0,0.33981047877999865
