id,name,isGroup,gender,numOfScenes,numOfSpeechActs,numOfWords,degree,weightedDegree,closeness,betweenness,eigenvector
robert,Robert,False,MALE,8,20,1006,4,11,0.75,0.03888888888888888,0.42069868868969607
l-astrologue,L Astrologue,False,UNKNOWN,7,20,963,5,10,0.8571428571428571,0.2833333333333333,0.44647278232539156
le-roi-maure,Le Roi Maure,False,UNKNOWN,3,8,296,2,3,0.5454545454545454,0.0,0.18188450350312596
damiette,Damiette,False,FEMALE,5,16,864,3,5,0.6666666666666666,0.05,0.2775394266381573
le-roi-chretien,Le Roi Chretien,False,UNKNOWN,5,11,582,4,10,0.75,0.03888888888888888,0.42069868868969607
la-reine,La Reine,False,FEMALE,3,14,564,3,6,0.6,0.0,0.33105681070637943
esmoree,Esmorée,False,MALE,7,29,1585,5,11,0.8571428571428571,0.18888888888888888,0.4764226731001253
