id,name,isGroup,gender,numOfScenes,numOfSpeechActs,numOfWords,degree,weightedDegree,closeness,betweenness,eigenvector
eugene,Eugène,False,MALE,1,12,285,6,6,0.8571428571428571,0,0.37796447300918745
auguste,Auguste,False,MALE,1,11,316,6,6,0.8571428571428571,0,0.37796447300918745
emile,Emile,False,MALE,1,6,128,6,6,0.8571428571428571,0,0.37796447300918745
felix,Félix,False,MALE,1,7,110,6,6,0.8571428571428571,0,0.37796447300918745
clement,Clément,False,MALE,1,10,252,6,6,0.8571428571428571,0,0.37796447300918745
gustave,Gustave,False,MALE,1,6,137,6,6,0.8571428571428571,0,0.37796447300918745
charles,Charles,False,MALE,1,4,134,6,6,0.8571428571428571,0,0.37796447300918745
tous,Tous,False,UNKNOWN,1,1,365,0,0,0.0,0,4.589492874193423e-07
