id,name,isGroup,gender,numOfScenes,numOfSpeechActs,numOfWords,degree,weightedDegree,closeness,betweenness,eigenvector
isabelle,Isabelle,False,FEMALE,6,68,1284,6,16,1.0,0.03333333333333333,0.40468209202529554
colombine,Colombine,False,FEMALE,9,134,1834,6,19,1.0,0.03333333333333333,0.4046820920252955
cassandre,Cassandre,False,MALE,6,64,1759,5,12,0.8571428571428571,0.0,0.35945275802189197
pierrot,Pierrot,False,MALE,6,79,1138,6,16,1.0,0.03333333333333333,0.4046820920252955
leandre,Léandre,False,MALE,4,36,614,6,14,1.0,0.03333333333333333,0.4046820920252955
ensemble,Ensemble,False,UNKNOWN,1,1,25,4,4,0.75,0.0,0.29413780286972885
tous,Tous,False,UNKNOWN,1,1,39,5,5,0.8571428571428571,0.0,0.35945275802189197
