id,name,isGroup,gender,numOfScenes,numOfSpeechActs,numOfWords,degree,weightedDegree,closeness,betweenness,eigenvector
mariette,Mariette,False,FEMALE,8,40,389,5,16,0.8571428571428571,0.0,0.39365169104430775
leopold,Léopold,False,MALE,6,56,819,5,12,0.8571428571428571,0.0,0.39365169104430775
julie,Julie,False,UNKNOWN,14,116,1527,6,25,1.0,0.13333333333333333,0.420331591958613
mademoiselle-lange,Mademoiselle Lange,False,FEMALE,8,56,1180,5,14,0.8571428571428571,0.0,0.39365169104430775
simon,Simon,False,MALE,8,90,1142,6,16,1.0,0.13333333333333333,0.420331591958613
le-domestique,Le Domestique,False,UNKNOWN,1,2,8,2,2,0.6,0.0,0.16369511341180396
choeur,Choeur,False,UNKNOWN,1,1,21,5,5,0.8571428571428571,0.0,0.39365169104430775
