id,name,isGroup,gender,numOfScenes,numOfSpeechActs,numOfWords,degree,weightedDegree,closeness,betweenness,eigenvector
janot,Janot,False,MALE,9,57,1473,7,18,0.8888888888888888,0.08035714285714285,0.4157638564943627
perrette,Perrette,False,FEMALE,4,19,323,4,6,0.6666666666666666,0.0,0.28896874773575915
madame-simon,Madame Simon,False,FEMALE,12,56,888,8,25,1.0,0.2232142857142857,0.43706077782671715
simon,Simon,False,MALE,10,61,1106,7,21,0.8888888888888888,0.08035714285714285,0.4157638564943627
mademoiselle-courtois,Mademoiselle Courtois,False,FEMALE,1,10,116,2,2,0.5714285714285714,0.0,0.14087671764480109
le-suisse,Le Suisse,False,UNKNOWN,5,24,352,6,11,0.8,0.08035714285714285,0.353950038516621
le-clerc,Le Clerc,False,UNKNOWN,2,13,243,4,7,0.6666666666666666,0.0,0.28896874773575915
la-comtesse,La Comtesse,False,FEMALE,2,11,224,4,6,0.6666666666666666,0.0,0.27488720784636267
l-abbe,L Abbe,False,UNKNOWN,2,11,194,4,6,0.6666666666666666,0.0,0.27488720784636267
