id,name,isGroup,gender,numOfScenes,numOfSpeechActs,numOfWords,degree,weightedDegree,closeness,betweenness,eigenvector
dolicard,Dolicard,False,MALE,11,73,1425,8,16,1.0,0.4821428571428571,0.5197208521433145
anselme,Anselme,False,UNKNOWN,8,28,690,7,15,0.8888888888888888,0.23214285714285712,0.4977443764932532
buscarino,Buscarino,False,MALE,2,16,629,2,4,0.5714285714285714,0.0,0.23184029858287827
lericourt,Léricourt,False,MALE,1,17,708,2,2,0.5714285714285714,0.0,0.23184029858287827
lucinet,Lucinet,False,MALE,1,16,531,3,3,0.6153846153846154,0.0,0.30025684366966987
ensemble,Ensemble,False,UNKNOWN,1,1,20,3,3,0.6153846153846154,0.0,0.30025684366966987
stanislas,Stanislas,False,MALE,1,8,574,1,1,0.5333333333333333,0.0,0.11842396185267103
deligny,Déligny,False,MALE,1,3,35,3,3,0.6153846153846154,0.0,0.30025684366966987
tous,Tous,False,UNKNOWN,1,1,24,3,3,0.6153846153846154,0.0,0.30025684366966987
