id,name,isGroup,gender,numOfScenes,numOfSpeechActs,numOfWords,degree,weightedDegree,closeness,betweenness,eigenvector
lisette,Lisette,False,FEMALE,7,53,1796,7,15,1.0,0.35317460317460314,0.44394861268516594
angelique,Angélique,False,FEMALE,1,9,210,1,1,0.5384615384615384,0.0,0.08784107675916993
lucile,Lucile,False,FEMALE,6,60,1234,5,14,0.7777777777777778,0.011904761904761904,0.3886217178065436
oronte,Oronte,False,MALE,3,19,393,5,8,0.7777777777777778,0.031746031746031744,0.37549166064129874
arlequin,Arlequin,False,MALE,4,59,1972,5,11,0.7777777777777778,0.011904761904761904,0.3886217178065436
pierrot,Pierrot,False,MALE,2,7,218,4,6,0.7,0.0,0.32659802986094494
la-bergere,La Bergere,False,UNKNOWN,2,6,254,6,6,0.875,0.06746031746031744,0.4294389356300719
octave,Octave,False,MALE,1,1,57,3,3,0.6363636363636364,0.0,0.24710693165427072
