id,name,isGroup,gender,numOfScenes,numOfSpeechActs,numOfWords,degree,weightedDegree,closeness,betweenness,eigenvector
harpale,Harpale,False,MALE,2,9,213,1,2,0.4117647058823529,0.0,0.03305880552700468
nearque,Nearque,False,MALE,3,13,348,3,4,0.6363636363636364,0.2857142857142857,0.16994995353651746
alexandre,Alexandre,False,MALE,14,85,5670,6,24,0.875,0.19047619047619047,0.4203213458296749
ephestion,Ephestion,False,MALE,9,40,1693,5,17,0.7,0.0,0.39264617060081103
carinte,Carinte,False,FEMALE,5,12,471,5,12,0.7,0.0,0.3926461706008111
parthenie,Parthénie,False,FEMALE,9,78,3970,6,20,0.875,0.19047619047619047,0.4203213458296749
hytaspe,Hytaspe,False,MALE,7,41,1716,5,15,0.7,0.0,0.3926461706008111
lycandre,Lycandre,False,MALE,4,12,416,5,8,0.7,0.0,0.3926461706008111
