id,name,isGroup,gender,numOfScenes,numOfSpeechActs,numOfWords,degree,weightedDegree,closeness,betweenness,eigenvector
lathorilliere,Lathorilliere,False,UNKNOWN,6,45,717,7,20,0.8888888888888888,0.047619047619047616,0.3572465540165642
lucile,Lucile,False,FEMALE,8,58,791,8,21,1.0,0.09226190476190474,0.38752714237624764
baron,Baron,False,MALE,3,31,649,3,6,0.6153846153846154,0.0,0.1724350683804953
lulli,Lulli,False,MALE,4,24,545,7,16,0.8888888888888888,0.026785714285714284,0.364737770602722
mademoiselle-de-brie,Mademoiselle de Brie,False,FEMALE,4,20,176,6,16,0.8,0.0,0.33445718224303855
brecourt,Brécourt,False,MALE,4,8,60,6,16,0.8,0.0,0.33445718224303855
moliere,Molière,False,MALE,9,107,2468,8,22,1.0,0.09226190476190474,0.38752714237624764
chapelle,Chapelle,False,MALE,4,28,481,7,11,0.8888888888888888,0.026785714285714284,0.364737770602722
boileau,Boileau,False,MALE,2,19,609,4,6,0.6666666666666666,0.0,0.2291200090845608
