id,name,isGroup,gender,numOfScenes,numOfSpeechActs,numOfWords,degree,weightedDegree,closeness,betweenness,eigenvector
madame-verrieres,Madame Verrières,False,FEMALE,5,45,523,6,14,0.875,0.023809523809523808,0.3835095101427174
juliette,Juliette,False,FEMALE,6,46,394,7,17,1.0,0.10317460317460315,0.41307091458452155
martine,Martine,False,FEMALE,8,64,1073,5,8,0.7777777777777778,0.031746031746031744,0.3128846273103336
fernand,Fernand,False,MALE,6,76,882,6,9,0.875,0.023809523809523808,0.3835095101427174
monsieur-verrieres,Monsieur Verrières,False,MALE,11,95,1649,7,19,1.0,0.10317460317460315,0.41307091458452155
la-baronne,La Baronne,False,FEMALE,5,46,572,5,13,0.7777777777777778,0.0,0.33700076560755404
le-baron,Le Baron,False,MALE,3,22,432,5,7,0.7777777777777778,0.0,0.33700076560755404
tous,Tous,False,UNKNOWN,1,1,4,3,3,0.6363636363636364,0.0,0.19887163764981203
