id,name,isGroup,gender,numOfScenes,numOfSpeechActs,numOfWords,degree,weightedDegree,closeness,betweenness,eigenvector
le-jeune-homme,Le Jeune Homme,False,UNKNOWN,1,10,145,4,4,0.6666666666666666,0.0,0.32264404811252284
la-jeune-femme,La Jeune Femme,False,UNKNOWN,1,11,106,4,4,0.6666666666666666,0.0,0.32264404811252284
sharpey,Sharpey,False,MALE,2,11,124,6,6,0.8,0.14880952380952378,0.4028221811836866
charley,Charley,False,MALE,6,73,2306,7,12,0.8888888888888888,0.17857142857142855,0.4487174314800034
dago,Dago,False,MALE,4,31,889,7,10,0.8888888888888888,0.17857142857142855,0.4487174314800034
lea,Léa,False,FEMALE,4,28,667,2,5,0.5333333333333333,0.0,0.1784163696611913
barlu,Barlu,False,MALE,2,33,439,3,4,0.6153846153846154,0.0,0.24531357670655038
brillart,Brillart,False,MALE,2,8,98,5,5,0.7272727272727273,0.10119047619047618,0.33649167930924245
bearns,Bearns,False,UNKNOWN,1,4,33,2,2,0.5333333333333333,0.0,0.1469811485515356
