id,name,isGroup,gender,numOfScenes,numOfSpeechActs,numOfWords,degree,weightedDegree,closeness,betweenness,eigenvector
la-reine,La Reine,False,UNKNOWN,21,63,3848,6,18,0.875,0.246031746031746,0.492469911376407
la-princesse,La Princesse,False,UNKNOWN,17,61,2893,6,14,0.875,0.246031746031746,0.492469911376407
argire,Argire,False,FEMALE,7,11,455,2,6,0.5384615384615384,0.0,0.23640005984363066
gelon,Gelon,False,MALE,7,35,1609,4,7,0.7,0.031746031746031744,0.40095581994767526
sostrate,Sostrate,False,MALE,7,33,1816,4,7,0.7,0.2857142857142857,0.35296971816795936
milon,Milon,False,MALE,2,7,221,1,2,0.4375,0.0,0.08471842578371881
phedre,Phèdre,False,FEMALE,5,12,585,2,5,0.5384615384615384,0.0,0.23640005984363066
phenix,Phenix,False,MALE,6,13,1349,3,5,0.5833333333333334,0.0,0.3326355258070471
