id,name,isGroup,gender,numOfScenes,numOfSpeechActs,numOfWords,degree,weightedDegree,closeness,betweenness,eigenvector
la-comtesse,La Comtesse Charlotte,False,FEMALE,3,12,528,3,5,0.7142857142857143,0.0,0.36399005879933954
florestine,Florestine,False,FEMALE,4,47,1075,5,10,1.0,0.18333333333333332,0.4897167204571475
benoit,Benoît,False,MALE,3,8,269,4,8,0.8333333333333334,0.03333333333333333,0.43834791865221784
une-voix,Une Voix,False,UNKNOWN,1,1,3,2,2,0.625,0.0,0.25145306483152535
le-grand-bibi,Le Grand Bibi,False,MALE,3,44,1106,5,8,1.0,0.18333333333333332,0.4897167204571475
le-comte,Le Comte,False,MALE,1,5,111,3,3,0.7142857142857143,0.0,0.36399005879933954
