id,name,isGroup,gender,numOfScenes,numOfSpeechActs,numOfWords,degree,weightedDegree,closeness,betweenness,eigenvector
monsieur-de-valence,Monsieur de Valence,False,MALE,8,32,1220,6,16,1.0,0.09444444444444443,0.4341374395299033
madame-de-valence,Madame de Valence,False,FEMALE,6,21,286,6,14,1.0,0.09444444444444443,0.4341374395299033
valentin,Valentin,False,MALE,12,42,790,5,12,0.8571428571428571,0.04444444444444444,0.3793257826074234
matthieu,Matthieu,False,MALE,5,34,945,3,7,0.6666666666666666,0.0,0.24873859042247987
monsieur-de-revel,Monsieur de Revel,False,MALE,2,4,62,5,8,0.8571428571428571,0.016666666666666666,0.392789048107011
monsieur-de-nance,Monsieur de Nancé,False,MALE,3,5,113,5,9,0.8571428571428571,0.016666666666666666,0.392789048107011
mathurin,Mathurin,False,MALE,1,2,24,4,4,0.75,0.0,0.32973316311089945
