id,name,isGroup,gender,numOfScenes,numOfSpeechActs,numOfWords,degree,weightedDegree,closeness,betweenness,eigenvector
emilie,Emilie,False,MALE,7,42,1279,5,12,1.0,0.06666666666666667,0.44762077312141496
hubert,Hubert,False,MALE,2,32,879,3,3,0.7142857142857143,0.0,0.3032750483359427
marcellin,Marcellin,False,MALE,6,48,951,5,13,1.0,0.06666666666666667,0.44762077312141496
henriette,Henriette,False,FEMALE,3,26,433,4,9,0.8333333333333334,0.0,0.3917468413831769
monsieur-de-beauval,Monsieur de Beauval,False,MALE,4,44,1639,5,11,1.0,0.06666666666666667,0.44762077312141496
madame-de-joinville,Madame de Joinville,False,FEMALE,1,16,693,4,4,0.8333333333333334,0.0,0.3917468413831769
