id,name,isGroup,gender,numOfScenes,numOfSpeechActs,numOfWords,degree,weightedDegree,closeness,betweenness,eigenvector
didier,Didier,False,MALE,6,48,1071,8,17,1.0,0.05595238095238094,0.3771058175591244
eugenie,Eugénie,False,FEMALE,7,60,1478,8,20,1.0,0.05595238095238094,0.3771058175591244
le-prince,Le Prince,False,UNKNOWN,6,71,1277,6,16,0.8,0.017857142857142856,0.29752099067744053
l-officier,L Officier,False,UNKNOWN,3,4,51,4,7,0.6666666666666666,0.0,0.20830296303415385
cecile,Cécile,False,FEMALE,5,47,906,8,18,1.0,0.05595238095238094,0.3771058175591244
monsieur-de-gerville,Monsieur de Gerville,False,MALE,2,18,441,7,11,0.8888888888888888,0.014285714285714285,0.3506021149442988
madame-de-gerville,Madame de Gerville,False,FEMALE,2,11,178,7,11,0.8888888888888888,0.014285714285714285,0.3506021149442988
marianne,Marianne,False,FEMALE,1,2,14,6,6,0.8,0.0,0.31274674800856767
les-enfants,Les Enfants,False,UNKNOWN,1,1,4,6,6,0.8,0.0,0.31274674800856767
