id,name,isGroup,gender,numOfScenes,numOfSpeechActs,numOfWords,degree,weightedDegree,closeness,betweenness,eigenvector
adrien,Adrien,False,MALE,9,43,803,8,20,1.0,0.2351190476190476,0.45146836226578707
lubin,Lubin,False,MALE,7,21,377,4,8,0.6666666666666666,0.0,0.27716504259712077
jeanne,Jeanne,False,FEMALE,3,19,284,5,10,0.7272727272727273,0.008928571428571428,0.34036824086909884
suzette,Suzette,False,FEMALE,7,24,608,6,16,0.8,0.050595238095238096,0.38244877668363403
thomas,Thomas,False,MALE,5,21,809,5,10,0.7272727272727273,0.008928571428571428,0.34036824086909884
godefroi,Godefroi,False,UNKNOWN,3,16,451,4,5,0.6666666666666666,0.011904761904761904,0.27204160355718704
monsieur-de-cressac,Monsieur de Cressac,False,MALE,3,16,311,7,10,0.8888888888888888,0.13690476190476186,0.40859552984701925
madame-de-cressac,Madame de Cressac,False,FEMALE,2,8,72,4,6,0.6666666666666666,0.011904761904761904,0.24413821124110383
julie,Julie,False,FEMALE,1,9,95,3,3,0.6153846153846154,0.0,0.20205767542656874
