id,name,isGroup,gender,numOfScenes,numOfSpeechActs,numOfWords,degree,weightedDegree,closeness,betweenness,eigenvector
prologue,Prologue,False,MALE,1,1,331,0,0,0.0,0.0,3.0568702203201065e-08
abraham,Abraham,False,MALE,8,55,2528,6,12,0.75,0.1369047619047619,0.4969052896145286
sarah,Sarah,False,FEMALE,3,19,612,3,4,0.5,0.0,0.33768019518917863
satan,Satan,False,MALE,3,12,920,2,2,0.44999999999999996,0.0,0.2401854157181641
l-ange,L'Ange,False,MALE,2,6,234,2,3,0.44999999999999996,0.0,0.2401854157181641
demi-troupe,Demi Troupe,False,UNKNOWN,2,13,633,3,4,0.5,0.0,0.33768019518917863
isaac,Isaac,False,MALE,5,27,693,6,10,0.75,0.1369047619047619,0.4969052896145286
troupe-de-bergers,Troupe des Bergers de la Maison d'Abraham,False,UNKNOWN,3,8,462,4,7,0.5625,0.011904761904761904,0.40340596179628135
epilogue,Epilogue,False,UNKNOWN,1,1,319,0,0,0.0,0.0,3.0568702203201065e-08
