id,name,isGroup,gender,numOfScenes,numOfSpeechActs,numOfWords,degree,weightedDegree,closeness,betweenness,eigenvector
le-bailly,Le Bailly,False,UNKNOWN,16,47,1826,8,20,1.0,0.5654761904761905,0.5239865117958232
la-baillive,La Baillive,False,FEMALE,7,14,541,4,10,0.6666666666666666,0.03571428571428571,0.35514136945932395
crouton,Crouton,False,MALE,1,1,124,2,2,0.5714285714285714,0.0,0.20329056119280686
agnes,Agnès,False,FEMALE,10,29,920,5,14,0.7272727272727273,0.06547619047619047,0.42486902232728324
pierrot,Pierrot,False,MALE,7,32,1106,4,10,0.6666666666666666,0.011904761904761904,0.3836605449935332
arlequin,Arlequin,False,MALE,2,2,261,4,5,0.6666666666666666,0.03571428571428571,0.35514136945932395
le-magister,Le Magister,False,MALE,1,2,181,2,2,0.5714285714285714,0.0,0.20329056119280686
le-paysan,Le Paysan,False,UNKNOWN,1,1,13,1,1,0.5333333333333333,0.0,0.12116740579424903
les-enfants,Les Enfants,False,UNKNOWN,1,1,8,2,2,0.5714285714285714,0.0,0.2194142341964175
