id,name,isGroup,gender,numOfScenes,numOfSpeechActs,numOfWords,degree,weightedDegree,closeness,betweenness,eigenvector
hierbas,Hierbas,False,MALE,4,21,388,4,7,0.8333333333333334,0.1,0.4725328250025321
gargame,Gargame,False,MALE,4,30,841,3,7,0.7142857142857143,0.0,0.3945810161395693
arcagambis,Arcagambis,False,MALE,8,32,1025,5,10,1.0,0.35000000000000003,0.5275026421915767
nabotas,Nabotas,False,MALE,3,8,228,3,6,0.7142857142857143,0.0,0.39458101613956936
thamire,Thamire,False,FEMALE,3,11,320,2,3,0.625,0.0,0.24925472312240413
tetonice,Tetonice,False,FEMALE,2,10,147,3,3,0.7142857142857143,0.05,0.3534648754568624
