id,name,isGroup,gender,numOfScenes,numOfSpeechActs,numOfWords,degree,weightedDegree,closeness,betweenness,eigenvector
descartes,Descartes,False,UNKNOWN,19,81,2565,6,33,1.0,0.03333333333333333,0.4046820920252955
florina,Florina,False,FEMALE,16,58,887,5,29,0.8571428571428571,0.0,0.35945275802189197
marck,Marck,False,MALE,17,78,1989,6,38,1.0,0.03333333333333333,0.4046820920252955
amintus,Amintus,False,MALE,9,35,1329,5,22,0.8571428571428571,0.0,0.35945275802189197
maurice,Maurice (de Nassau),False,MALE,4,25,845,6,11,1.0,0.03333333333333333,0.4046820920252955
felicio,Félicio,False,MALE,9,37,482,6,21,1.0,0.03333333333333333,0.4046820920252955
l-officier,L Officier,False,UNKNOWN,1,8,58,4,4,0.75,0.0,0.29413780286972885
