id,name,isGroup,gender,numOfScenes,numOfSpeechActs,numOfWords,degree,weightedDegree,closeness,betweenness,eigenvector
gusman,Gusman,False,MALE,12,123,2815,6,28,0.875,0.047619047619047616,0.4114163179494484
fabrice,Fabrice,False,MALE,11,82,1286,5,21,0.7777777777777778,0.0,0.3744570461626846
ferdinand,Ferdinand,False,MALE,4,38,1277,5,10,0.7777777777777778,0.0,0.3744570461626846
stephanie,Stéphanie,False,FEMALE,5,29,543,5,14,0.7777777777777778,0.0,0.3744570461626846
lazarille,Lazarille,False,MALE,13,90,2014,6,28,0.875,0.047619047619047616,0.4114163179494484
la-servante,La Servante,False,UNKNOWN,1,6,144,1,1,0.5384615384615384,0.0,0.07955198873347394
henriquez,Henriquez,False,UNKNOWN,7,38,442,7,16,1.0,0.3333333333333333,0.4239845279865869
l-hote,L Hote,False,UNKNOWN,2,5,54,3,6,0.6363636363636364,0.0,0.2339392859348947
