id,name,isGroup,gender,numOfScenes,numOfSpeechActs,numOfWords,degree,weightedDegree,closeness,betweenness,eigenvector
livie,Livie,False,FEMALE,3,12,1340,3,5,0.6666666666666666,0.0,0.3082218520832022
agrippine,Agrippine,False,FEMALE,17,96,7049,6,21,1.0,0.2777777777777778,0.48716763557972914
flavie,Flavie,False,FEMALE,7,19,1014,4,10,0.75,0.06666666666666667,0.3563910552622404
drusus,Drusus,False,MALE,5,20,2217,5,8,0.8571428571428571,0.07777777777777777,0.44984840031090534
pison,Pison,False,MALE,7,39,2857,4,9,0.75,0.02222222222222222,0.3914797449868269
albin,Albin,False,MALE,2,11,1096,2,3,0.6,0.0,0.19706648764206156
germanicus,Germanicus,False,MALE,3,18,1820,4,6,0.75,0.02222222222222222,0.38235745830611584
