id,name,isGroup,gender,numOfScenes,numOfSpeechActs,numOfWords,degree,weightedDegree,closeness,betweenness,eigenvector
clitie,Clitie,False,FEMALE,5,22,704,8,20,1.0,0.02738095238095238,0.36151699073166343
damis,Damis,False,MALE,7,67,851,8,24,1.0,0.02738095238095238,0.36151699073166343
le-comte,Le Comte,False,MALE,6,75,1148,8,23,1.0,0.02738095238095238,0.36151699073166343
amarante,Amarante,False,FEMALE,7,56,755,8,25,1.0,0.02738095238095238,0.36151699073166343
petit-jean,Petit-Jean,False,MALE,3,8,56,5,8,0.7272727272727273,0.0,0.2496368796227653
oriane,La Marquise Oriane,False,MALE,3,33,345,8,17,1.0,0.02738095238095238,0.36151699073166343
dorante,Le Chevalier Dorante,False,MALE,3,59,915,7,15,0.8888888888888888,0.005952380952380952,0.3312241277964688
la-ramee,La Ramée,False,MALE,1,3,23,6,6,0.8,0.0,0.2953805448563677
lisidor,Lisidor,False,MALE,1,14,524,6,6,0.8,0.0,0.2953805448563677
