id,name,isGroup,gender,numOfScenes,numOfSpeechActs,numOfWords,degree,weightedDegree,closeness,betweenness,eigenvector
oreste,Oreste,False,MALE,13,56,3178,6,12,0.8,0.36904761904761907,0.490681649331632
pylade,Pylade,False,MALE,3,11,241,1,3,0.47058823529411764,0.0,0.1220373104601186
clytemnestre,Clytemnestre,False,FEMALE,10,38,2564,5,10,0.7272727272727273,0.2619047619047619,0.444363010509107
doride,Doride,False,FEMALE,4,13,189,1,4,0.4444444444444444,0.0,0.11051718061207533
eurybate,Eurybate,False,MALE,8,22,862,3,8,0.6153846153846154,0.0,0.34307130421601256
cassandre,Cassandre,False,MALE,9,44,3111,4,9,0.6666666666666666,0.07142857142857142,0.39804437168658197
ismene,Ismène,False,FEMALE,5,19,414,2,5,0.5,0.0,0.2210341774900223
agamemnon,Agamemnon,False,MALE,17,56,3648,5,15,0.7272727272727273,0.2619047619047619,0.444363010509107
arbas,Arbas,False,MALE,3,7,147,1,2,0.4444444444444444,0.0,0.11051718061207533
