id,name,isGroup,gender,numOfScenes,numOfSpeechActs,numOfWords,degree,weightedDegree,closeness,betweenness,eigenvector
marius,Marius,False,UNKNOWN,7,50,4402,4,8,0.6666666666666666,0.03571428571428571,0.36254904597937954
maxime,Maxime,False,FEMALE,2,11,853,2,2,0.5714285714285714,0.0,0.21889495059400169
cecilie,Cécilie,False,FEMALE,19,88,4533,8,23,1.0,0.5535714285714285,0.5494101458592047
marcelle,Marcelle.,False,FEMALE,5,15,493,3,6,0.6153846153846154,0.017857142857142856,0.24807709323463203
sabine,Sabine,False,FEMALE,2,6,132,2,3,0.5714285714285714,0.0,0.19141951906566715
pison,Pison,False,MALE,5,11,298,3,6,0.6153846153846154,0.0,0.32017846161954366
sylla,Sylla,False,MALE,11,46,3326,5,12,0.7272727272727273,0.08928571428571427,0.42196734905367633
octave,Octave.,False,MALE,1,1,23,2,2,0.5714285714285714,0.0,0.23315713638394847
pompee,Pompée,False,MALE,7,27,1926,3,8,0.6153846153846154,0.017857142857142856,0.2927030300912091
