id,name,isGroup,gender,numOfScenes,numOfSpeechActs,numOfWords,degree,weightedDegree,closeness,betweenness,eigenvector
nerine,Nérine,False,FEMALE,5,18,645,4,11,0.6363636363636364,0.0,0.3252525662875318
olimpe,Olimpe,False,FEMALE,13,53,2311,5,26,0.7777777777777778,0.023809523809523808,0.3897216667548092
lidamas,Lidamas,False,MALE,12,52,2032,5,25,0.7777777777777778,0.023809523809523808,0.3897216667548092
cleanthe,Cléanthe,False,MALE,17,114,5035,6,35,0.875,0.07936507936507935,0.43074766503644185
melice,Mélice,False,FEMALE,11,38,1702,6,19,0.875,0.3174603174603174,0.3897223133698771
sylvestre,Sylvestre,False,MALE,16,67,2113,6,34,0.875,0.07936507936507935,0.43074766503644185
thelame,Thélame,False,MALE,5,17,381,3,10,0.6363636363636364,0.0,0.24800606427282199
lucille,Lucille,False,FEMALE,3,4,521,1,2,0.5,0.0,0.07724779429811794
