id,name,isGroup,gender,numOfScenes,numOfSpeechActs,numOfWords,degree,weightedDegree,closeness,betweenness,eigenvector
theocle,Théocle,False,MALE,5,14,1930,2,4,0.5454545454545454,0.0,0.2508718396169967
narbal,Narbal,False,MALE,8,16,749,3,9,0.6666666666666666,0.05555555555555555,0.36467672681875085
barce,Barcé,False,FEMALE,17,45,2605,5,20,0.8571428571428571,0.31111111111111106,0.5110822187985812
merope,Mérope,False,FEMALE,6,14,770,2,7,0.6,0.0,0.29281110167432245
juba,Juba,False,MALE,12,38,2797,5,17,0.8571428571428571,0.31111111111111106,0.5110822187985812
petreius,Petreius,False,MALE,4,10,611,3,7,0.6666666666666666,0.05555555555555555,0.36467672681875085
oppius,Oppius,False,MALE,1,6,179,2,2,0.5454545454545454,0.0,0.2508718396169967
