id,name,isGroup,gender,numOfScenes,numOfSpeechActs,numOfWords,degree,weightedDegree,closeness,betweenness,eigenvector
eudoxe,Eudoxe,False,FEMALE,8,34,1979,4,10,0.75,0.3333333333333333,0.4530534674529187
flavie,Flavie,False,FEMALE,2,12,386,1,2,0.46153846153846156,0.0,0.13165721309950892
valentinian,Valentinian,False,MALE,9,21,2092,4,11,0.75,0.13333333333333333,0.4871610011426648
aetius,Aétius,False,MALE,11,44,4331,4,12,0.75,0.3333333333333333,0.45305346745291863
maxime,Maxime,False,MALE,7,18,829,4,11,0.75,0.13333333333333333,0.4871610011426648
leon,Léon,False,MALE,4,19,454,1,4,0.46153846153846156,0.0,0.13165721309950898
flavian,Flavian,False,MALE,3,5,170,2,4,0.5,0.0,0.28313633759528006
