id,name,isGroup,gender,numOfScenes,numOfSpeechActs,numOfWords,degree,weightedDegree,closeness,betweenness,eigenvector
negare,Négare,False,FEMALE,3,12,1057,3,3,0.7142857142857143,0.5,0.5211212965381973
phenice,Phénice,False,FEMALE,1,4,212,1,1,0.45454545454545453,0.0,0.23192134797826414
tachmas,Tachmas,False,MALE,2,10,890,2,2,0.5555555555555556,0.1,0.4179055905899001
lycan,Lycan,False,MALE,3,10,704,2,2,0.5555555555555556,0.1,0.41790559058990007
soliman,Soliman,False,MALE,3,13,962,3,3,0.7142857142857143,0.5,0.5211212965381973
ismaël,Ismaël,False,MALE,1,2,197,1,1,0.45454545454545453,0.0,0.23192134797826414
