id,name,isGroup,gender,numOfScenes,numOfSpeechActs,numOfWords,degree,weightedDegree,closeness,betweenness,eigenvector
charles,Charles,False,MALE,2,12,94,6,7,0.8,0.0,0.3336838247803015
alfred,Alfred,False,MALE,6,49,564,8,18,1.0,0.26428571428571423,0.37859416218502134
louis,Louis,False,MALE,4,15,107,7,16,0.8888888888888888,0.014285714285714285,0.37100745564761706
clement,Clément,False,MALE,4,17,100,7,16,0.8888888888888888,0.014285714285714285,0.37100745564761706
robert,Robert,False,MALE,3,15,366,7,14,0.8888888888888888,0.014285714285714285,0.37100745564761706
rolland,Rolland,False,UNKNOWN,1,13,328,1,1,0.5333333333333333,0.0,0.057520153223027844
francis,Francis,False,MALE,2,7,28,7,11,0.8888888888888888,0.014285714285714285,0.37100745564761706
rorert,Rorert,False,UNKNOWN,1,2,20,5,5,0.7272727272727273,0.0,0.28298758613784625
le-maitre-d-etudes,Le Maitre D Etudes,False,UNKNOWN,1,1,54,6,6,0.8,0.0,0.33368382478030156
