id,name,isGroup,gender,numOfScenes,numOfSpeechActs,numOfWords,degree,weightedDegree,closeness,betweenness,eigenvector
georges,Georges,False,MALE,3,21,316,6,8,1.0,0.13333333333333333,0.420331591958613
marcel,Marcel,False,MALE,2,23,230,6,7,1.0,0.13333333333333333,0.420331591958613
albert,Albert,False,MALE,1,22,275,2,2,0.6,0.0,0.16369511341180393
lucienne,Lucienne,False,FEMALE,3,12,165,5,6,0.8571428571428571,0.0,0.39365169104430775
le-directeur,Le Directeur,False,UNKNOWN,1,9,336,5,5,0.8571428571428571,0.0,0.39365169104430775
jean,Jean,False,UNKNOWN,1,1,4,5,5,0.8571428571428571,0.0,0.39365169104430775
monsieur-constant,Monsieur Constant,False,MALE,1,8,136,5,5,0.8571428571428571,0.0,0.39365169104430775
