id,name,isGroup,gender,numOfScenes,numOfSpeechActs,numOfWords,degree,weightedDegree,closeness,betweenness,eigenvector
gabrielle,Gabrielle,False,FEMALE,1,11,89,2,2,0.625,0.0,0.21951269030851558
alice,Alice,False,FEMALE,2,13,411,5,6,1.0,0.15000000000000002,0.46113715335008537
marie,Marie,False,FEMALE,3,20,228,5,8,1.0,0.15000000000000002,0.46113715335008537
renee,Renée,False,FEMALE,4,27,294,4,8,0.8333333333333334,0.0,0.41893485189381474
madame-de-lucet,Madame de Lucet,False,FEMALE,3,6,40,4,7,0.8333333333333334,0.0,0.41893485189381474
bonne-maman,Bonne Maman,False,FEMALE,2,16,245,4,5,0.8333333333333334,0.0,0.41893485189381474
