id,name,isGroup,gender,numOfScenes,numOfSpeechActs,numOfWords,degree,weightedDegree,closeness,betweenness,eigenvector
gilberte,Gilberte,False,FEMALE,5,57,705,4,9,1.0,0.5833333333333333,0.5825392535755105
lucie,Lucie,False,FEMALE,1,17,141,1,1,0.5714285714285714,0.0,0.21691733875073665
paul,Paul,False,MALE,6,54,533,3,9,0.8,0.08333333333333333,0.5236826290621273
etienne,Etienne,False,MALE,3,29,368,2,5,0.6666666666666666,0.0,0.4119170973700677
la-femme-de-chambre,La Femme de Chambre,False,FEMALE,2,20,152,2,4,0.6666666666666666,0.0,0.4119170973700677
