id,name,isGroup,gender,numOfScenes,numOfSpeechActs,numOfWords,degree,weightedDegree,closeness,betweenness,eigenvector
saint-gratien,Saint-Gratien,False,MALE,5,35,442,4,8,0.75,0.13333333333333333,0.46757922488225273
d-auversac,D Auversac,False,UNKNOWN,3,13,296,3,5,0.6666666666666666,0.0,0.4083653132857407
le-chevalier,Le Chevalier,False,UNKNOWN,4,30,434,5,7,0.8571428571428571,0.5333333333333333,0.4963053085849158
le-marechal,Le Marechal,False,UNKNOWN,2,18,252,4,5,0.75,0.13333333333333333,0.46757922488225284
le-garçon,Le Garçon,False,UNKNOWN,1,1,2,2,2,0.5,0.0,0.2667799471320534
gervault,Gervault,False,MALE,2,9,141,2,3,0.5454545454545454,0.0,0.198099228040788
derincourt,Dérincourt,False,MALE,1,5,83,2,2,0.5454545454545454,0.0,0.198099228040788
