id,name,isGroup,gender,numOfScenes,numOfSpeechActs,numOfWords,degree,weightedDegree,closeness,betweenness,eigenvector
monsieur-du-hable,Monsieur du Hable,False,MALE,4,52,613,5,13,0.8571428571428571,0.0,0.40450904413516037
madame-rougeau,Madame Rougeau,False,FEMALE,7,50,525,6,16,1.0,0.3333333333333333,0.4182798616295623
andre,André,False,MALE,1,3,39,1,1,0.5454545454545454,0.0,0.08309105499058708
l-abbe,L Abbe,False,UNKNOWN,7,80,762,5,19,0.8571428571428571,0.0,0.40450904413516037
madame-de-mortilliere,Madame de Mortilliere,False,FEMALE,5,33,337,5,17,0.8571428571428571,0.0,0.40450904413516037
madame-de-sousay,Madame de Sousay,False,FEMALE,5,29,273,5,17,0.8571428571428571,0.0,0.40450904413516037
monsieur-pinçon,Monsieur Pinçon,False,MALE,1,28,306,5,5,0.8571428571428571,0.0,0.40450904413516037
