id,name,isGroup,gender,numOfScenes,numOfSpeechActs,numOfWords,degree,weightedDegree,closeness,betweenness,eigenvector
le-baron,Le Baron,False,MALE,5,25,618,3,7,0.8,0.08333333333333333,0.46995923844336235
dubois,Dubois,False,MALE,2,4,35,3,3,0.8,0.08333333333333333,0.46995923844336235
le-comte,Le Comte,False,MALE,3,20,340,2,5,0.6666666666666666,0.0,0.35054183735438676
la-marquise,La Marquise,False,FEMALE,4,28,399,4,7,1.0,0.3333333333333333,0.5590326188442775
le-suisse,Le Suisse,False,MALE,1,6,131,2,2,0.6666666666666666,0.0,0.35054183735438676
