id,name,isGroup,gender,numOfScenes,numOfSpeechActs,numOfWords,degree,weightedDegree,closeness,betweenness,eigenvector
ikaël,Ikaël,False,MALE,5,53,739,4,11,0.7,0.04761904761904761,0.4302088161917082
henriette,Henriette,False,FEMALE,7,53,553,4,14,0.7,0.04761904761904761,0.4302088161917082
madame-de-gercourt,Madame de Gercourt,False,FEMALE,7,98,1403,5,14,0.7777777777777778,0.23809523809523808,0.4743456623655215
dumont,Dumont,False,MALE,1,1,5,2,2,0.5,0.0,0.21889797578066683
le-comte,Le Comte,False,UNKNOWN,5,53,651,4,11,0.5833333333333334,0.047619047619047616,0.392386107495199
monsieur-de-gercourt,Monsieur de Gercourt,False,MALE,4,85,865,5,6,0.7777777777777778,0.47619047619047616,0.4064789686030966
champagne,Champagne,False,MALE,1,1,3,2,2,0.5,0.0,0.13734738523926912
monsieur-de-mirevault,Monsieur de Mirevault,False,UNKNOWN,1,30,278,2,2,0.5,0.0,0.13734738523926912
