id,name,isGroup,gender,numOfScenes,numOfSpeechActs,numOfWords,degree,weightedDegree,closeness,betweenness,eigenvector
pierre,Pierre,False,MALE,8,29,550,7,16,1.0,0.07142857142857142,0.4042211756694747
joseph,Joseph,False,MALE,8,15,178,7,21,1.0,0.07142857142857142,0.4042211756694747
gontran,Gontran,False,UNKNOWN,6,58,1210,6,18,0.875,0.023809523809523808,0.366549066521225
blanche,Blanche,False,UNKNOWN,6,20,370,6,18,0.875,0.023809523809523808,0.366549066521225
le-surveillant,Le Surveillant,False,UNKNOWN,4,4,54,4,4,0.7,0.0,0.26055480192317465
un-employe,Un Employé,False,MALE,1,1,14,4,4,0.7,0.0,0.26055480192317465
madame-de-mora,Madame de Mora,False,FEMALE,5,54,1556,6,15,0.875,0.023809523809523808,0.366549066521225
le-comte,Le Comte,False,UNKNOWN,4,26,701,6,10,0.875,0.023809523809523808,0.366549066521225
