id,name,isGroup,gender,numOfScenes,numOfSpeechActs,numOfWords,degree,weightedDegree,closeness,betweenness,eigenvector
madame-du-fresnel,Madame du Fresnel,False,FEMALE,12,66,991,6,24,1.0,0.03333333333333333,0.4046820920252955
irene,Irene,False,UNKNOWN,18,108,1965,6,26,1.0,0.03333333333333333,0.4046820920252955
dupuy,Dupuy,False,UNKNOWN,15,80,1444,6,25,1.0,0.03333333333333333,0.4046820920252955
leo,Leo,False,UNKNOWN,4,34,795,5,9,0.8571428571428571,0.0,0.35945275802189197
duplessis,Duplessis,False,UNKNOWN,8,42,668,5,13,0.8571428571428571,0.0,0.35945275802189197
un-domestique,Un Domestique,False,UNKNOWN,3,3,23,4,7,0.75,0.0,0.29413780286972885
de-clairvaux,De Clairvaux,False,UNKNOWN,4,39,927,6,12,1.0,0.03333333333333333,0.4046820920252955
