id,name,isGroup,gender,numOfScenes,numOfSpeechActs,numOfWords,degree,weightedDegree,closeness,betweenness,eigenvector
claire,Claire,False,UNKNOWN,12,61,1218,5,17,1.0,0.06666666666666667,0.44762077312141496
le-comte,Le Comte,False,UNKNOWN,3,22,462,4,7,0.8333333333333334,0.0,0.3917468413831769
helena,Helena,False,UNKNOWN,6,29,467,5,14,1.0,0.06666666666666667,0.447620773121415
durand,Durand,False,UNKNOWN,5,21,877,4,7,0.8333333333333334,0.0,0.3917468413831769
leon,Leon,False,UNKNOWN,4,31,865,5,10,1.0,0.06666666666666667,0.447620773121415
le-magistrat,Le Magistrat,False,MALE,1,6,47,3,3,0.7142857142857143,0.0,0.30327504833594265
