id,name,isGroup,gender,numOfScenes,numOfSpeechActs,numOfWords,degree,weightedDegree,closeness,betweenness,eigenvector
bertrand,Bertrand,False,MALE,8,39,752,7,22,0.8888888888888888,0.0,0.3158088459070649
lucinde,Lucinde,False,FEMALE,10,39,484,8,28,1.0,0.011904761904761904,0.3476820378947929
perrette,Perrette,False,FEMALE,11,45,759,8,34,1.0,0.011904761904761904,0.3476820378947929
thibaud,Thibaud,False,UNKNOWN,7,55,873,8,26,1.0,0.011904761904761904,0.3476820378947929
josselin,Josselin,False,MALE,14,121,1558,8,38,1.0,0.011904761904761904,0.3476820378947929
anselme,Anselme,False,MALE,8,37,508,8,26,1.0,0.011904761904761904,0.3476820378947929
lelie,Lelie,False,MALE,5,62,1093,7,15,0.8888888888888888,0.0,0.3158088459070648
griffon,Griffon,False,UNKNOWN,1,9,276,6,6,0.8,0.0,0.27428588889266314
tobie,Tobie,False,UNKNOWN,3,15,273,8,17,1.0,0.011904761904761904,0.3476820378947929
