id,name,isGroup,gender,numOfScenes,numOfSpeechActs,numOfWords,degree,weightedDegree,closeness,betweenness,eigenvector
le-bon-genie,Le Bon Genie,False,UNKNOWN,2,4,721,1,2,0.16666666666666666,0,1.2004798543725765e-06
geneve,Genève,False,MALE,3,4,503,1,2,0.16666666666666666,0,1.2004798543725765e-06
d-attignac-l-aine,D'Attignac l'Aîné,False,MALE,3,6,278,4,6,0.6666666666666666,0,0.44721359549931344
d-attignac-le-cadet,D'Attignac le Cadet,False,MALE,2,6,574,4,5,0.6666666666666666,0,0.44721359549931344
d-albigny,D'Albigny,False,MALE,4,15,710,4,8,0.6666666666666666,0,0.44721359549931344
le-pere-alexandre,Le Pere Alexandre,False,UNKNOWN,3,5,532,4,7,0.6666666666666666,0,0.44721359549931344
d-andelot,D'Andelot,False,MALE,2,7,732,4,6,0.6666666666666666,0,0.44721359549931344
