id,name,isGroup,gender,numOfScenes,numOfSpeechActs,numOfWords,degree,weightedDegree,closeness,betweenness,eigenvector
atalante,Atalante,False,FEMALE,8,35,1774,7,19,0.8888888888888888,0.25595238095238093,0.4189115441102306
isidore,Isidore,False,UNKNOWN,2,7,580,2,3,0.5333333333333333,0.0,0.11226041675538048
philemon,Philemon,False,MALE,3,12,746,3,4,0.6153846153846154,0.029761904761904757,0.1794846847766178
polydas,Polydas,False,MALE,15,69,4603,5,22,0.7272727272727273,0.0,0.3728252021431675
flaminie,Flaminie,False,FEMALE,10,45,1944,5,23,0.7272727272727273,0.0,0.3728252021431675
sicandre,Sicandre,False,MALE,10,48,1886,5,25,0.7272727272727273,0.0,0.3728252021431675
mainalte,Mainalte,False,MALE,11,40,1830,7,20,0.8888888888888888,0.20238095238095236,0.4255603672321505
tharzinte,Tharzinte,False,MALE,6,22,956,6,15,0.8,0.08333333333333331,0.39720760565547086
calliante,Calliante,False,MALE,2,12,491,2,3,0.5333333333333333,0.0,0.15435207404869247
