id,name,isGroup,gender,numOfScenes,numOfSpeechActs,numOfWords,degree,weightedDegree,closeness,betweenness,eigenvector
louise,Louise,False,FEMALE,13,105,1064,4,24,1.0,0.16666666666666666,0.5100364187624349
alfred,Alfred,False,MALE,8,37,323,3,18,0.8,0.0,0.4390419009464296
corniquet,Corniquet,False,MALE,15,146,2680,3,26,0.8,0.0,0.4390419009464296
duverdier,Duverdier,False,MALE,10,129,1385,4,18,1.0,0.16666666666666666,0.5100364187624349
louise-,,False,,1,1,5,2,2,0.6666666666666666,0.0,0.3069366734339046
