id,name,isGroup,gender,numOfScenes,numOfSpeechActs,numOfWords,degree,weightedDegree,closeness,betweenness,eigenvector
la-marquise,La Marquise,False,UNKNOWN,5,32,1356,5,10,0.8571428571428571,0.016666666666666666,0.39278904810701104
l-abbe-douxdoux,L'Abbé Douxdoux,False,MALE,5,23,544,5,11,0.8571428571428571,0.016666666666666666,0.39278904810701104
mademoiselle-damour,Mademoiselle Damour,False,FEMALE,5,30,660,4,7,0.75,0.0,0.3297331631108995
lafleur,Lafleur,False,MALE,8,40,1419,6,13,1.0,0.09444444444444444,0.43413743952990336
la-comtesse,La Comtesse,False,FEMALE,14,61,1765,6,14,1.0,0.09444444444444444,0.43413743952990336
l-abbe-de-cormoran,L'Abbé de Cormoran,False,MALE,5,30,1378,5,9,0.8571428571428571,0.04444444444444444,0.3793257826074234
milord,Milord,False,UNKNOWN,7,41,1099,3,6,0.6666666666666666,0.0,0.24873859042247987
