id,name,isGroup,gender,numOfScenes,numOfSpeechActs,numOfWords,degree,weightedDegree,closeness,betweenness,eigenvector
angelique,Angélique,False,FEMALE,12,61,3317,5,12,0.7777777777777778,0.2857142857142857,0.4094572868933477
philis,Philis,False,FEMALE,16,58,2879,6,21,0.875,0.23809523809523808,0.46713801149243905
doraste,Doraste,False,MALE,8,25,920,5,13,0.7777777777777778,0.09523809523809523,0.42976714664120796
cleandre,Cléandre,False,MALE,13,50,1746,5,17,0.7777777777777778,0.09523809523809523,0.429767146641208
alidor,Alidor,False,MALE,13,61,4416,4,13,0.7,0.0,0.392396281789977
polymas,Polymas,False,MALE,1,5,127,1,1,0.4666666666666667,0.0,0.09254508651820599
lysis,Lysis,False,MALE,3,11,161,2,4,0.5384615384615384,0.0,0.20271627063868897
lycante,Lycante,False,MALE,2,3,116,2,3,0.5384615384615384,0.0,0.20271627063868897
