id,name,isGroup,gender,numOfScenes,numOfSpeechActs,numOfWords,degree,weightedDegree,closeness,betweenness,eigenvector
emilie,Emilie,False,FEMALE,10,54,3696,6,15,0.8,0.33928571428571425,0.43192404216364755
fulvie,Fulvie,False,FEMALE,3,8,424,1,3,0.47058823529411764,0.0,0.09573908200988951
cinna,Cinna,False,MALE,10,50,4676,5,16,0.7272727272727273,0.08928571428571427,0.4145532146074214
evandre,Evandre,False,MALE,1,2,47,2,2,0.5,0.0,0.18762785327446457
auguste,Auguste,False,UNKNOWN,7,33,3553,6,13,0.8,0.2857142857142857,0.4486565088726377
maxime,Maxime,False,MALE,7,44,2338,5,10,0.7272727272727273,0.08928571428571427,0.4215217045380323
euphorbe,Euphorbe,False,MALE,2,12,535,3,3,0.5333333333333333,0.017857142857142856,0.22603192663311203
polyclete,Polyclète,False,MALE,1,1,6,2,2,0.5,0.0,0.1495508695978733
livie,Livie,False,FEMALE,3,13,628,4,8,0.6666666666666666,0.0,0.3805101392943432
