id,name,isGroup,gender,numOfScenes,numOfSpeechActs,numOfWords,degree,weightedDegree,closeness,betweenness,eigenvector
sinorix,Sinorix,False,MALE,16,79,6061,5,24,0.8571428571428571,0.04444444444444444,0.40211600189277097
phaedime,Phaedime,False,MALE,5,13,642,3,7,0.6666666666666666,0.0,0.27133713793002273
camma,Camma,False,FEMALE,16,88,5153,6,26,1.0,0.1222222222222222,0.4489686585639246
phenice,Phénice,False,FEMALE,3,11,375,3,5,0.6666666666666666,0.0,0.27133713793002273
hesione,Hésione,False,FEMALE,7,37,2267,4,12,0.75,0.0,0.35526334522161745
sostrate,Sostrate,False,UNKNOWN,15,63,3065,6,27,1.0,0.1222222222222222,0.4489686585639245
sosime,Sosime,False,MALE,4,11,728,5,9,0.8571428571428571,0.04444444444444444,0.40211600189277097
