id,name,isGroup,gender,numOfScenes,numOfSpeechActs,numOfWords,degree,weightedDegree,closeness,betweenness,eigenvector
oenarus,Oenarus,False,MALE,7,25,2176,6,9,1.0,0.08333333333333333,0.43179336132043705
arcas,Arcas,False,MALE,2,6,302,4,4,0.75,0.0,0.33402562525089485
pirithous,Pirithoüs,False,MALE,9,37,1414,6,15,1.0,0.08333333333333333,0.43179336132043705
thesee,Thésée,False,MALE,8,46,2413,5,11,0.8571428571428571,0.016666666666666666,0.38929516171913187
phedre,Phèdre,False,MALE,7,31,1890,4,8,0.75,0.0,0.33402562525089485
nerine,Nérine,False,FEMALE,7,22,495,3,9,0.6666666666666666,0.0,0.25683948250292027
ariane,Ariane,False,FEMALE,19,94,7552,6,24,1.0,0.08333333333333333,0.43179336132043705
