id,name,isGroup,gender,numOfScenes,numOfSpeechActs,numOfWords,degree,weightedDegree,closeness,betweenness,eigenvector
beatrix,Béatrix,False,FEMALE,16,85,1499,8,48,1.0,0.07142857142857142,0.3832130350949918
isabelle,Isabelle,False,FEMALE,12,98,1780,7,39,0.8888888888888888,0.026785714285714284,0.3546215295906919
don-fernand,Don Fernand de Vargas,False,MALE,22,216,3898,8,54,1.0,0.07142857142857142,0.3832130350949918
guzman,Guzman,False,MALE,3,17,385,4,8,0.6666666666666666,0.0,0.22019791763755148
don-pascal,Don Pascal Giron,False,MALE,10,114,2511,7,28,0.8888888888888888,0.026785714285714284,0.3546215295906919
don-cesar,Don César d'Avalos,False,MALE,18,175,3087,7,47,0.8888888888888888,0.026785714285714284,0.3546215295906919
carlin,Carlin,False,MALE,17,130,2242,7,45,0.8888888888888888,0.026785714285714284,0.3546215295906919
enrique,Enrique,False,MALE,8,50,852,6,21,0.8,0.0,0.3260300240863919
sganarelle,Sganarelle,False,MALE,2,24,186,4,6,0.6666666666666666,0.0,0.22019791763755148
