id,name,isGroup,gender,numOfScenes,numOfSpeechActs,numOfWords,degree,weightedDegree,closeness,betweenness,eigenvector
bradamante,Bradamante,False,FEMALE,11,48,3071,4,14,0.75,0.08888888888888888,0.4242008726988437
doralise,Doralise,False,FEMALE,4,13,662,2,4,0.5454545454545454,0.0,0.24381633071837824
leon,Léon,False,MALE,8,42,2688,3,10,0.6666666666666666,0.0,0.3729037493445548
marphise,Marphise,False,FEMALE,10,35,1408,5,14,0.8571428571428571,0.27777777777777773,0.48446504092896625
ismene,Ismène,False,FEMALE,3,5,115,2,4,0.5454545454545454,0.0,0.21348952266082086
timante,Timante,False,MALE,2,5,69,3,3,0.6666666666666666,0.05555555555555555,0.3167599252560532
roger,Roger,False,MALE,18,72,3960,5,19,0.8571428571428571,0.24444444444444444,0.4908451973737427
