id,name,isGroup,gender,numOfScenes,numOfSpeechActs,numOfWords,degree,weightedDegree,closeness,betweenness,eigenvector
helvie,Helvie,False,FEMALE,16,89,3695,6,22,0.875,0.10714285714285714,0.4243767058384827
marcia,Marcia,False,FEMALE,17,91,4409,7,24,1.0,0.2738095238095238,0.4517506589202016
julie,Julie,False,FEMALE,3,12,386,2,4,0.5833333333333334,0.0,0.17554470002297343
laetus,Laetus,False,MALE,11,50,1864,5,16,0.7777777777777778,0.011904761904761904,0.39507479104034054
commode,Commode,False,MALE,8,42,3513,5,10,0.7777777777777778,0.011904761904761904,0.39507479104034054
electus,Electus,False,MALE,10,44,2638,5,14,0.7777777777777778,0.07142857142857142,0.3667209063558615
lucie,Lucie,False,FEMALE,2,7,225,2,3,0.5833333333333334,0.0,0.1639930790002255
flavian,Flavian,False,MALE,5,17,1006,4,7,0.7,0.0,0.3338617645839508
