id,name,isGroup,gender,numOfScenes,numOfSpeechActs,numOfWords,degree,weightedDegree,closeness,betweenness,eigenvector
placide,Placide,False,MALE,12,91,4630,8,17,1.0,0.10654761904761903,0.4017879534482422
cleobule,Cléobule,False,MALE,9,35,1300,7,11,0.8888888888888888,0.07857142857142856,0.36561495794765186
marcelle,Marcelle,False,FEMALE,11,76,3140,7,15,0.8888888888888888,0.03511904761904761,0.37935198961885275
stephanie,Stéphanie,False,FEMALE,6,25,715,5,7,0.7272727272727273,0.03571428571428571,0.26401389268065084
valens,Valens,False,MALE,7,40,1651,6,9,0.8,0.01607142857142857,0.3386906088151193
theodore,Théodore,False,FEMALE,10,38,2697,7,15,0.8888888888888888,0.03511904761904761,0.37935198961885275
paulin,Paulin,False,MALE,9,41,1564,6,14,0.8,0.007142857142857143,0.34317899411826236
lycante,Lycante,False,MALE,2,6,143,3,3,0.6153846153846154,0.007142857142857143,0.1637518348370305
didyme,Didyme,False,MALE,5,17,1143,5,9,0.7272727272727273,0.0,0.2967745431953067
