id,name,isGroup,gender,numOfScenes,numOfSpeechActs,numOfWords,degree,weightedDegree,closeness,betweenness,eigenvector
domitie,Domitie,False,FEMALE,9,56,4401,4,11,0.7,0.2857142857142857,0.4785459763859499
plautine,Plautine,False,FEMALE,2,10,379,1,2,0.4375,0.0,0.14489219607976805
domitian,Domitian,False,MALE,11,65,2882,4,14,0.7,0.2857142857142857,0.4785459763859499
albin,Albin,False,MALE,2,10,809,1,2,0.4375,0.0,0.14489219607976805
tite,Tite,False,MALE,13,76,3875,4,15,0.7,0.2857142857142857,0.4785459763859498
flavian,Flavian,False,MALE,4,18,448,1,4,0.4375,0.0,0.14489219607976803
berenice,Bérénice,False,FEMALE,10,43,3201,4,12,0.7,0.2857142857142857,0.4785459763859499
philon,Philon,False,MALE,2,7,542,1,2,0.4375,0.0,0.14489219607976805
