id,name,isGroup,gender,numOfScenes,numOfSpeechActs,numOfWords,degree,weightedDegree,closeness,betweenness,eigenvector
attale,Attale,False,MALE,11,48,2302,5,18,0.7272727272727273,0.0,0.33575392040309227
prusias,Prusias,False,MALE,18,88,4206,7,22,0.8888888888888888,0.09523809523809523,0.41390951857446845
araxe,Araxe,False,MALE,5,19,469,4,7,0.6153846153846154,0.0,0.26279916666871045
nicomede,Nicomède,False,MALE,7,44,1759,4,10,0.6153846153846154,0.0,0.26279916666871045
elise,Elise,False,FEMALE,17,72,3274,7,28,0.8888888888888888,0.09523809523809523,0.41390951857446834
alcine,Alcine,False,FEMALE,4,14,323,5,8,0.7272727272727273,0.0,0.33575392040309227
annibal,Annibal,False,MALE,10,33,2816,7,17,0.8888888888888888,0.09523809523809523,0.41390951857446834
flaminius,Flaminius,False,MALE,10,45,2151,6,16,0.8,0.25,0.34470734658374325
procule,Procule,False,MALE,2,6,79,1,2,0.47058823529411764,0.0,0.060211148269413886
