id,name,isGroup,gender,numOfScenes,numOfSpeechActs,numOfWords,degree,weightedDegree,closeness,betweenness,eigenvector
laodice,Laodice,False,FEMALE,10,40,2740,5,14,0.7777777777777778,0.0,0.3329719116942099
nicomede,Nicomède,False,MALE,13,81,4360,6,23,0.875,0.009523809523809525,0.3815788992735155
attale,Attale,False,MALE,13,52,1820,6,22,0.875,0.009523809523809525,0.3815788992735155
arsinoe,Arsinoé,False,FEMALE,15,66,3044,7,27,1.0,0.1285714285714286,0.40162211396454045
cleone,Cléone,False,FEMALE,2,6,115,2,3,0.5833333333333334,0.0,0.1373003935986739
prusias,Prusias,False,MALE,13,54,2448,6,24,0.875,0.009523809523809525,0.3815788992735155
araspe,Araspe,False,MALE,3,9,320,5,7,0.7777777777777778,0.0,0.3329719116942099
flaminius,Flaminius,False,MALE,11,36,1965,7,22,1.0,0.1285714285714286,0.40162211396454045
