id,name,isGroup,gender,numOfScenes,numOfSpeechActs,numOfWords,degree,weightedDegree,closeness,betweenness,eigenvector
le-comte,Le Comte,False,UNKNOWN,10,53,4335,6,10,1.0,0.4,0.4818671025460223
salsbury,Le Comte de Salsbury,False,MALE,5,20,1490,3,6,0.6666666666666666,0.0,0.3324768852631386
la-duchesse,La Duchesse,False,UNKNOWN,9,37,2545,5,13,0.8571428571428571,0.06666666666666667,0.45995602506808664
cecile,Cécile,False,MALE,4,20,788,3,5,0.6666666666666666,0.0,0.3324768852631386
elisabeth,Elisabeth,False,FEMALE,15,62,5007,5,17,0.8571428571428571,0.06666666666666667,0.45995602506808664
tilney,Tilney,False,MALE,6,19,489,3,8,0.6666666666666666,0.0,0.3324768852631386
crommer,Crommer,False,MALE,1,5,92,1,1,0.5454545454545454,0.0,0.1142907161067688
