id,name,isGroup,gender,numOfScenes,numOfSpeechActs,numOfWords,degree,weightedDegree,closeness,betweenness,eigenvector
don-fernand,Don Fernand de Solis,False,MALE,25,237,4894,8,61,1.0,0.059523809523809514,0.3609511814747592
guzman,Guzman,False,MALE,20,130,3056,8,49,1.0,0.059523809523809514,0.3609511814747592
jacinte,Jacinte,False,FEMALE,8,32,448,7,24,0.8888888888888888,0.0,0.3424279766143872
beatrix,Béatrix,False,FEMALE,18,95,3188,7,50,0.8888888888888888,0.0,0.3424279766143872
don-juan,Don Juan de Torrès,False,MALE,8,42,920,7,24,0.8888888888888888,0.0,0.3424279766143872
don-diegue,Don Diègue,False,MALE,2,7,313,7,8,0.8888888888888888,0.0,0.3424279766143872
isabelle,Isabelle,False,FEMALE,17,110,3040,8,47,1.0,0.059523809523809514,0.3609511814747592
leonor,Léonor,False,FEMALE,9,65,2060,7,26,0.8888888888888888,0.0,0.3424279766143872
l-exempt,L Exempt,False,UNKNOWN,1,6,79,3,3,0.6153846153846154,0.0,0.15118908007792672
