id,name,isGroup,gender,numOfScenes,numOfSpeechActs,numOfWords,degree,weightedDegree,closeness,betweenness,eigenvector
laure,Laure,False,FEMALE,12,61,1015,6,25,0.875,0.007936507936507936,0.33090124090446127
fenise,Fenise,False,FEMALE,19,136,4258,7,41,1.0,0.015873015873015872,0.37483912384900225
federic,Federic,False,MALE,7,36,1152,6,14,0.875,0.007936507936507936,0.33090124090446127
le-duc,Le Duc,False,MALE,22,182,4213,7,45,1.0,0.015873015873015872,0.37483912384900225
fabrice,Fabrice,False,MALE,19,98,1890,7,42,1.0,0.015873015873015872,0.37483912384900225
carlos,Carlos,False,MALE,12,54,1940,6,23,0.875,0.007936507936507936,0.33090124090446127
camille,Camille,False,MALE,7,27,396,6,13,0.875,0.007936507936507936,0.33090124090446127
la-duchesse,La Duchesse,False,FEMALE,11,79,2445,7,31,1.0,0.015873015873015872,0.37483912384900225
