id,name,isGroup,gender,numOfScenes,numOfSpeechActs,numOfWords,degree,weightedDegree,closeness,betweenness,eigenvector
antiochus,Antiochus,False,MALE,16,121,5211,4,23,0.75,0.0,0.43285951286664265
tigrane,Tigrane,False,MALE,8,35,1953,4,13,0.75,0.0,0.43285951286664265
stratonice,Stratonice,False,FEMALE,12,73,3382,5,18,0.8571428571428571,0.3333333333333333,0.45459624448648817
phenice,Phénice,False,FEMALE,2,10,351,1,2,0.5,0.0,0.11086576423793072
seleucus,Seleucus,False,MALE,9,58,3037,4,15,0.75,0.0,0.43285951286664265
barsine,"Barsine,",False,FEMALE,1,8,268,1,1,0.5,0.0,0.11086576423793072
arsinoe,Arsinoé,False,FEMALE,7,48,1947,5,10,0.8571428571428571,0.3333333333333333,0.45459624448648817
