id,name,isGroup,gender,numOfScenes,numOfSpeechActs,numOfWords,degree,weightedDegree,closeness,betweenness,eigenvector
axiane,Axiane,False,FEMALE,9,45,2259,6,13,0.8,0.25,0.3896835973780666
alcine,Alcine,False,FEMALE,1,13,493,1,1,0.47058823529411764,0.0,0.07359862166468281
ariarate,Ariarate,False,MALE,16,88,3998,7,21,0.8888888888888888,0.21428571428571427,0.42784454893669127
phradate,Phradate,False,MALE,6,21,1195,5,10,0.7272727272727273,0.0,0.3779914562984922
anaxandre,Anaxandre,False,MALE,7,31,1034,6,12,0.8,0.08928571428571427,0.4029180026175917
cleone,Cléone,False,FEMALE,4,13,379,2,5,0.5333333333333333,0.0,0.15690452994209209
laodice,Laodice,False,FEMALE,16,70,6033,6,21,0.8,0.08928571428571427,0.4029180026175917
theodot,Théodot,False,MALE,1,4,75,2,2,0.5333333333333333,0.0,0.15690452994209214
aquilius,Aquilius,False,MALE,4,13,711,5,7,0.7272727272727273,0.0,0.3779914562984922
