id,name,isGroup,gender,numOfScenes,numOfSpeechActs,numOfWords,degree,weightedDegree,closeness,betweenness,eigenvector
aglatide,Aglatide,False,FEMALE,7,49,2621,6,11,0.8,0.047619047619047616,0.3862889819999425
elpinice,Elpinice,False,FEMALE,5,36,1184,3,7,0.5714285714285714,0.0,0.2135570299041767
spitridate,Spitridate,False,MALE,11,85,3055,6,15,0.8,0.047619047619047616,0.3862889819999425
cotys,Cotys,False,MALE,5,43,1279,6,8,0.8,0.04761904761904762,0.3862889819999425
mandane,Mandane,False,FEMALE,7,55,2924,6,9,0.8,0.04761904761904762,0.3862889819999425
lysander,Lysander,False,MALE,8,32,2310,7,9,0.8888888888888888,0.13095238095238096,0.4187517301244094
cleon,Cléon,False,MALE,2,5,113,3,3,0.5714285714285714,0.0,0.2135570299041767
agesilas,Agésilas,False,MALE,13,57,3905,6,16,0.8,0.25,0.3637382126198518
xenocles,Xenocles,False,MALE,4,11,536,1,4,0.47058823529411764,0.0,0.06520414631551419
