id,name,isGroup,gender,numOfScenes,numOfSpeechActs,numOfWords,degree,weightedDegree,closeness,betweenness,eigenvector
amestris,Amestris,False,FEMALE,10,55,2619,4,18,0.7,0.0,0.35705197430495444
megabise,Mégabise,False,MALE,14,84,3872,6,22,0.875,0.2976190476190476,0.43455233403137916
bagoas,Bagoas,False,MALE,2,5,439,1,2,0.5,0.0,0.09090857711413634
ochus,Ochus,False,MALE,8,51,2950,5,18,0.7777777777777778,0.011904761904761904,0.4188242916067524
statira,Statira,False,FEMALE,12,59,3436,6,19,0.875,0.2976190476190476,0.4345523340313791
barsine,Barsine,False,FEMALE,2,9,153,1,2,0.5,0.0,0.09090857711413634
darius,Darius,False,MALE,12,85,4392,5,19,0.7777777777777778,0.011904761904761904,0.41882429160675244
oropaste,Oropaste,False,MALE,4,10,297,4,6,0.7,0.0,0.35705197430495444
