id,name,isGroup,gender,numOfScenes,numOfSpeechActs,numOfWords,degree,weightedDegree,closeness,betweenness,eigenvector
nearque,Néarque,False,MALE,2,27,833,1,2,0.4,0.0,0.1183188978774089
polyeucte,Polyeucte,False,MALE,11,78,3418,4,12,0.6153846153846154,0.26785714285714285,0.4085359923875876
pauline,Pauline,False,FEMALE,17,108,4730,6,20,0.8,0.5178571428571428,0.5559245803044721
stratonice,Stratonice,False,FEMALE,3,24,1089,1,3,0.47058823529411764,0.0,0.1610056926916698
felix,Félix,False,MALE,9,80,2946,4,13,0.6666666666666666,0.14285714285714285,0.45703695606754513
albin,Albin,False,MALE,5,22,752,2,7,0.5,0.0,0.29337204152662005
severe,Sévère,False,MALE,5,30,2135,3,6,0.5714285714285714,0.25,0.32023415452668696
fabian,Fabian,False,MALE,2,16,309,1,2,0.38095238095238093,0.0,0.09274661960811115
cleon,Cléon,False,MALE,2,4,45,2,3,0.5333333333333333,0.0,0.2793245891932873
