id,name,isGroup,gender,numOfScenes,numOfSpeechActs,numOfWords,degree,weightedDegree,closeness,betweenness,eigenvector
attila,Attila,False,MALE,10,69,5105,5,14,0.8571428571428571,0.06666666666666667,0.44523653821898324
octar,Octar,False,MALE,5,17,1128,3,5,0.6666666666666666,0.0,0.31746580022673443
ardaric,Ardaric,False,FEMALE,10,51,2298,5,14,0.8571428571428571,0.06666666666666667,0.44523653821898324
valamir,Valamir,False,MALE,10,24,1899,4,14,0.75,0.06666666666666667,0.36266033543774484
flavie,Flavie,False,FEMALE,3,12,618,2,3,0.6,0.0,0.19537343959207337
honorie,Honorie,False,FEMALE,13,52,3190,6,17,1.0,0.26666666666666666,0.4819403299626365
ildione,Ildione,False,FEMALE,7,36,2361,3,7,0.6666666666666666,0.0,0.31746580022673443
