id,name,isGroup,gender,numOfScenes,numOfSpeechActs,numOfWords,degree,weightedDegree,closeness,betweenness,eigenvector
piegele,Piégelé,False,MALE,2,21,543,6,6,1.0,0.3333333333333333,0.4182798616295623
l-avertisseur,L'Avertisseur,False,MALE,1,2,33,1,1,0.5454545454545454,0.0,0.08309105499058708
les-preux,Les Preux,False,UNKNOWN,1,1,7,5,5,0.8571428571428571,0.0,0.40450904413516037
le-souffleur,Le Souffleur,False,MALE,1,14,85,5,5,0.8571428571428571,0.0,0.40450904413516037
un-spectateur,Un Spectateur,False,UNKNOWN,1,1,4,5,5,0.8571428571428571,0.0,0.40450904413516037
le-public,Le Public,False,MALE,1,2,11,5,5,0.8571428571428571,0.0,0.40450904413516037
le-regisseur,Le Régisseur,False,MALE,1,2,4,5,5,0.8571428571428571,0.0,0.40450904413516037
