id,name,isGroup,gender,numOfScenes,numOfSpeechActs,numOfWords,degree,weightedDegree,closeness,betweenness,eigenvector
zenobie,Zénobie,False,FEMALE,10,34,3044,4,10,0.7,0.2857142857142857,0.41242311706940216
phenice,Phénice,False,MALE,2,8,429,1,2,0.4375,0.0,0.11154271150585378
arsame,Arsame,False,MALE,11,35,2805,5,12,0.7777777777777778,0.3571428571428571,0.4717120986722849
pharasmane,Pharasmane,False,MALE,9,27,2219,5,11,0.7777777777777778,0.21428571428571427,0.49876870484520375
hieron,Hiéron,False,MALE,4,11,457,2,5,0.5,0.0,0.2546773810187761
rhadamisthe,Rhadamisthe,False,MALE,11,33,3671,4,11,0.7,0.09523809523809523,0.4428932743835774
mitrane,Mitrane,False,MALE,2,3,89,1,2,0.4666666666666667,0.0,0.12757777180784588
hydaspe,Hydaspe,False,MALE,2,4,92,2,3,0.5384615384615384,0.0,0.2624724029182156
