id,name,isGroup,gender,numOfScenes,numOfSpeechActs,numOfWords,degree,weightedDegree,closeness,betweenness,eigenvector
idomenee,Idoménée,False,MALE,17,86,5534,4,14,0.75,0.2111111111111111,0.4848196573140805
sophronyme,Sophronyme,False,MALE,6,31,1331,3,7,0.6666666666666666,0.08888888888888888,0.3919135751958644
idamante,Idamante,False,MALE,15,65,4119,5,11,0.8571428571428571,0.5111111111111111,0.5258540224898555
erixene,Erixene,False,FEMALE,8,28,2422,3,8,0.6666666666666666,0.05555555555555555,0.39616516385375655
polyclete,Polyclete,False,MALE,1,1,11,1,1,0.5,0.0,0.16109992035631784
ismene,Ismène,False,MALE,3,8,387,2,4,0.5454545454545454,0.0,0.2824686772341328
egesippe,Egésippe,False,MALE,3,4,374,2,3,0.5,0.0,0.2685937852628117
