id,name,isGroup,gender,numOfScenes,numOfSpeechActs,numOfWords,degree,weightedDegree,closeness,betweenness,eigenvector
atree,Atrée,False,MALE,22,71,6076,5,20,0.7777777777777778,0.5238095238095237,0.47517192291681226
eusysthene,Eusysthene,False,UNKNOWN,2,6,169,1,2,0.4666666666666667,0.0,0.13563916403169157
plisthene,Plisthène,False,MALE,17,48,3459,4,17,0.7,0.11904761904761904,0.4751703970040737
thessandre,Thessandre,False,MALE,4,8,214,2,5,0.4666666666666667,0.0,0.27127527595848594
theodamie,Théodamie,False,FEMALE,8,21,1218,4,12,0.7,0.2857142857142857,0.44301224093434893
leonide,Léonide,False,FEMALE,1,1,55,1,1,0.4375,0.0,0.12645847022268714
thyeste,Thyeste,False,MALE,11,37,2539,4,16,0.7,0.11904761904761904,0.4751703970040737
alcimedon,Alcimédon,False,MALE,1,1,57,1,1,0.4666666666666667,0.0,0.13563916403169157
