id,name,isGroup,gender,numOfScenes,numOfSpeechActs,numOfWords,degree,weightedDegree,closeness,betweenness,eigenvector
alcipe,Alcipe,False,MALE,8,42,2318,6,13,1.0,0.12222222222222222,0.45790618643593317
lisimon,Lisimon,False,MALE,10,59,1969,5,12,0.8571428571428571,0.07222222222222222,0.3980899848218464
lisette,Lisette,False,FEMALE,7,39,694,5,13,0.8571428571428571,0.03333333333333333,0.4112792965519431
emilie,Emilie,False,FEMALE,3,6,67,4,7,0.75,0.016666666666666666,0.34156379834683
clitandre,Clitandre,False,MALE,3,6,204,4,6,0.75,0.016666666666666666,0.34156379834683
pasquin,Pasquin,False,MALE,8,68,1604,5,12,0.8571428571428571,0.07222222222222222,0.3980899848218464
l-etheree,L'Ethéree,False,MALE,7,73,1816,3,9,0.6666666666666666,0.0,0.2662486355613785
