id,name,isGroup,gender,numOfScenes,numOfSpeechActs,numOfWords,degree,weightedDegree,closeness,betweenness,eigenvector
agrippine,Agrippine,False,FEMALE,14,82,5496,4,17,0.75,0.1,0.455206531627627
cornelie,Cornélie,False,FEMALE,4,12,356,2,5,0.5454545454545454,0.0,0.25917407358344635
sejanus,Séjanus,False,MALE,14,65,2997,5,17,0.8571428571428571,0.43333333333333335,0.48409212550327946
livilla,Livilla,False,FEMALE,11,45,2677,4,9,0.75,0.13333333333333333,0.4532483760684497
terentius,Térentius,False,MALE,2,13,308,1,2,0.5,0.0,0.1335722354640638
tibere,Tibère,False,MALE,12,69,2134,4,14,0.75,0.13333333333333333,0.4532483760684497
nerva,Nerva,False,MALE,3,13,549,2,4,0.5,0.0,0.2501217788741814
