id,name,isGroup,gender,numOfScenes,numOfSpeechActs,numOfWords,degree,weightedDegree,closeness,betweenness,eigenvector
merlin,Merlin,False,MALE,8,155,3758,6,17,0.875,0.0,0.3600661676509434
valere,Valère,False,MALE,5,27,453,6,15,0.875,0.0,0.3600661676509434
angelique,Angélique,False,FEMALE,4,12,209,6,14,0.875,0.0,0.3600661676509434
lisette,Lisette,False,FEMALE,17,111,1724,7,31,1.0,0.06349206349206349,0.3858821686566591
madame-gerante,Madame Gérante,False,FEMALE,10,114,1052,7,22,1.0,0.06349206349206349,0.38588216865665903
monsieur-oronte,Monsieur Oronte,False,MALE,4,37,266,6,13,0.875,0.0,0.3600661676509434
le-begue,Le Bègue,False,MALE,6,15,211,3,7,0.6363636363636364,0.0,0.18626399381295417
le-notaire,Le Notaire,False,UNKNOWN,3,19,196,7,9,1.0,0.06349206349206349,0.38588216865665903
