id,name,isGroup,gender,numOfScenes,numOfSpeechActs,numOfWords,degree,weightedDegree,closeness,betweenness,eigenvector
monsieur-grognac,Monsieur Grognac,False,MALE,9,41,624,6,23,0.8,0.0,0.3290730330620474
lisette,Lisette,False,FEMALE,19,117,2038,7,40,0.8888888888888888,0.014285714285714285,0.36772219659692434
mimi,Mimi,False,FEMALE,3,23,620,6,7,0.8,0.07142857142857142,0.29480992491342844
madame-jaquinet,Madame Jaquinet,False,FEMALE,7,41,903,8,14,1.0,0.1571428571428571,0.3810915961795873
jasmin,Jasmin,False,MALE,1,1,1,2,2,0.5714285714285714,0.0,0.10197904606463976
angelique,Angélique,False,FEMALE,7,37,431,7,20,0.8888888888888888,0.014285714285714285,0.3677221965969244
lolive,Lolive,False,MALE,13,98,2016,7,37,0.8888888888888888,0.014285714285714285,0.3677221965969244
clitandre,Clitandre,False,MALE,6,28,208,7,23,0.8888888888888888,0.014285714285714285,0.3677221965969244
monsieur-filassier,Monsieur Filassier,False,MALE,6,52,479,6,20,0.8,0.0,0.3290730330620474
