id,name,isGroup,gender,numOfScenes,numOfSpeechActs,numOfWords,degree,weightedDegree,closeness,betweenness,eigenvector
cethegus,Céthégus,False,MALE,2,10,956,2,2,0.5333333333333333,0.0,0.22699135297736295
marius,Marius,False,UNKNOWN,5,20,1265,5,7,0.7272727272727273,0.08333333333333331,0.4434707366663559
arisbe,Arisbe,False,FEMALE,14,48,2753,7,14,0.8888888888888888,0.4583333333333333,0.507516947722347
phenice,Phénice,False,FEMALE,3,4,135,1,3,0.5,0.0,0.1211397920691521
caïus-marius,Caïus Marius,False,MALE,8,40,3464,5,10,0.7272727272727273,0.26190476190476186,0.41900238368362785
numerius,Numérius,False,MALE,1,10,347,1,1,0.4444444444444444,0.0,0.10001156649466998
hiempsal,Hiempsal,False,MALE,10,35,1979,4,9,0.6666666666666666,0.05357142857142857,0.37742177114964204
marius-fils,Marius,False,MALE,8,30,1136,3,10,0.6153846153846154,0.0,0.32700289365202856
nerbal,Nerbal,False,MALE,3,8,518,2,4,0.5333333333333333,0.0,0.21122720749545587
