id,name,isGroup,gender,numOfScenes,numOfSpeechActs,numOfWords,degree,weightedDegree,closeness,betweenness,eigenvector
semiramis,Sémiramis,False,FEMALE,14,45,5029,5,16,0.7272727272727273,0.10476190476190475,0.3772595380249534
merzabane,Merzabane,False,MALE,8,29,3085,6,14,0.8,0.19285714285714287,0.40527586030755297
prazimene,Prazimène,False,FEMALE,7,24,1738,5,12,0.7272727272727273,0.05595238095238095,0.39266000068042856
ninus,Ninus,False,MALE,2,6,1467,2,3,0.5333333333333333,0.0,0.1673730981417474
palmedon,Palmédon,False,MALE,3,11,1430,3,4,0.5714285714285714,0.0,0.2547779292949438
zenophire,Zenophire,False,UNKNOWN,1,2,65,3,3,0.6153846153846154,0.0,0.24012589763212963
oronclide,Oronclide,False,MALE,7,29,1561,7,15,0.8888888888888888,0.2702380952380952,0.4772802288052742
cambises,Cambises,False,MALE,1,1,10,3,3,0.6153846153846154,0.0,0.24012589763212963
melistrate,Melistrate,False,MALE,4,31,1824,4,8,0.6666666666666666,0.019047619047619046,0.3212506566744173
