id,name,isGroup,gender,numOfScenes,numOfSpeechActs,numOfWords,degree,weightedDegree,closeness,betweenness,eigenvector
mimy,Mimy,False,FEMALE,3,9,280,4,7,0.8333333333333334,0.03333333333333333,0.46790106395473496
marmuse,Marmuse,False,MALE,3,15,571,4,7,0.8333333333333334,0.03333333333333333,0.46790106395473496
cafar,Cafar,False,MALE,1,6,190,3,3,0.7142857142857143,0.0,0.3859634365861513
choeur-de-chats,Choeur de Chats,False,UNKNOWN,3,9,64,5,7,1.0,0.43333333333333335,0.4962970306070293
grisette,Grisette,False,FEMALE,1,7,238,3,3,0.7142857142857143,0.0,0.3859634365861513
l-amour,L'Amour,False,MALE,1,1,29,1,1,0.5555555555555556,0.0,0.1337568590686684
