id,name,isGroup,gender,numOfScenes,numOfSpeechActs,numOfWords,degree,weightedDegree,closeness,betweenness,eigenvector
artabaze,Artabaze,False,MALE,9,94,2614,5,10,0.7272727272727273,0.0,0.2681477426105712
amidor,Amidor,False,MALE,11,97,2845,8,17,1.0,0.05,0.3752019481996201
filidan,Filidan,False,MALE,11,66,1586,7,19,0.8888888888888888,0.014285714285714285,0.3476192219958669
hesperie,Hespérie,False,FEMALE,8,42,2176,6,16,0.8,0.0,0.31364781628493815
lysandre,Lysandre,False,MALE,10,49,1049,8,20,1.0,0.05,0.37520194819962016
alcidon,Alcidon,False,MALE,14,92,2314,8,23,1.0,0.05,0.3752019481996201
phalante,Phalante,False,MALE,4,64,2022,4,6,0.6666666666666666,0.0,0.21771943317044762
melisse,Mélisse,False,FEMALE,8,60,1761,8,12,1.0,0.05,0.3752019481996201
sestiane,Sestiane,False,FEMALE,5,29,1298,6,11,0.8,0.0,0.31364781628493815
