id,name,isGroup,gender,numOfScenes,numOfSpeechActs,numOfWords,degree,weightedDegree,closeness,betweenness,eigenvector
trivelin,Trivelin,False,MALE,8,23,751,6,13,0.8,0.014285714285714285,0.34188277436726433
monsieur-rhubarbini,Monsieur Rhubarbini,False,MALE,5,20,562,7,15,0.8888888888888888,0.030357142857142853,0.38207485679727005
silvia,Silvia,False,FEMALE,9,31,797,7,18,0.8888888888888888,0.030357142857142853,0.38207485679727005
spinette,Spinette,False,FEMALE,7,29,406,7,12,0.8888888888888888,0.030357142857142853,0.38207485679727005
arlequin,Arlequin,False,MALE,7,30,799,7,12,0.8888888888888888,0.2571428571428572,0.34952808169552185
mario,Mario,False,MALE,5,22,544,7,14,0.8888888888888888,0.030357142857142853,0.38207485679727005
flaminia,Flaminia,False,FEMALE,10,51,1393,5,16,0.6666666666666666,0.0,0.29435088066305387
un-musicien,Un Musicien,False,UNKNOWN,1,1,101,5,5,0.7272727272727273,0.0,0.2955547433141506
ensemble,Ensemble,False,UNKNOWN,1,1,160,1,1,0.5,0.0,0.05501324084222195
