id,name,isGroup,gender,numOfScenes,numOfSpeechActs,numOfWords,degree,weightedDegree,closeness,betweenness,eigenvector
dorval,Dorval,False,MALE,28,128,4802,7,29,0.8888888888888888,0.19642857142857142,0.4716179840198469
charles,Charles,False,MALE,5,17,254,4,7,0.6153846153846154,0.029761904761904757,0.2876397271511031
constance,Constance,False,FEMALE,8,39,2631,4,12,0.6666666666666666,0.0,0.3388668425463131
clairville,Clairville,False,MALE,14,89,2752,6,22,0.8,0.13095238095238093,0.43058565240056923
rosalie,Rosalie,False,FEMALE,10,63,1300,6,16,0.8,0.29761904761904756,0.3939153820070235
justine,Justine,False,FEMALE,3,12,234,1,3,0.47058823529411764,0.0,0.08164272535635947
sylvestre,Sylvestre,False,MALE,2,3,15,3,4,0.6153846153846154,0.023809523809523808,0.23900693753385402
andre,André,False,MALE,1,14,1283,3,3,0.5714285714285714,0.0,0.24660739553182537
lysimond,Lysimond,False,MALE,1,10,560,4,4,0.6666666666666666,0.0,0.33886684254631305
