id,name,isGroup,gender,numOfScenes,numOfSpeechActs,numOfWords,degree,weightedDegree,closeness,betweenness,eigenvector
ismene,Ismène,False,FEMALE,6,12,322,6,14,0.765625,0.017857142857142856,0.3960683465056881
antigone,Antigone,False,FEMALE,9,33,1113,6,17,0.765625,0.017857142857142856,0.3960683465056881
hemon,Hémon,False,MALE,10,42,913,6,19,0.765625,0.017857142857142856,0.3960683465056881
creon,Créon,False,MALE,17,67,1193,7,23,0.875,0.14285714285714285,0.415734766716814
un-thebain,Un Thebain,False,UNKNOWN,1,1,8,5,5,0.6805555555555556,0.0,0.34908104777515553
plusieurs-ensemble,Plusieurs Ensemble,False,UNKNOWN,1,1,4,5,5,0.6805555555555556,0.0,0.34908104777515553
l-officier,L Officier,False,UNKNOWN,4,5,120,2,5,0.5104166666666667,0.0,0.1296940685714598
tiresias,Tirésias,False,MALE,3,13,429,5,6,0.6805555555555556,0.05357142857142857,0.30986850626910645
---,,False,,1,1,78,0,0,0.0,0.0,3.5547329258255423e-10
