id,name,isGroup,gender,numOfScenes,numOfSpeechActs,numOfWords,degree,weightedDegree,closeness,betweenness,eigenvector
alcippe,Alcippe,False,MALE,9,43,897,5,17,0.7777777777777778,0.023809523809523808,0.4203578680900945
geronte,Géronte,False,MALE,3,11,548,4,6,0.6363636363636364,0.0,0.35584659755355436
roguespine,Roguespine,False,MALE,6,16,660,5,14,0.7777777777777778,0.023809523809523808,0.42035786809009446
paquette,Paquette,False,FEMALE,10,47,1804,5,13,0.7777777777777778,0.2857142857142857,0.3722086958992961
spadarille,Spadarille,False,MALE,7,16,614,5,13,0.7777777777777778,0.023809523809523808,0.42035786809009446
beatrix,Béatrix,False,FEMALE,1,3,72,1,1,0.5,0.0,0.09145422874076761
cephise,Céphise,False,FEMALE,11,36,814,6,17,0.875,0.30952380952380953,0.4362086971125339
lucresse,Lucresse,False,FEMALE,1,3,138,1,1,0.4666666666666667,0.0,0.07803698174310401
