id,name,isGroup,gender,numOfScenes,numOfSpeechActs,numOfWords,degree,weightedDegree,closeness,betweenness,eigenvector
alcipe,Alcipe,False,MALE,5,29,791,7,18,0.8888888888888888,0.047619047619047616,0.3780112100415022
ergaste,Ergaste,False,MALE,2,7,227,3,3,0.6153846153846154,0.0,0.18245930259993762
cleante,Cléante,False,MALE,6,55,1006,8,21,1.0,0.17261904761904764,0.39459819133165314
ariste,Ariste,False,MALE,5,47,1639,7,19,0.8888888888888888,0.047619047619047616,0.3780112100415021
orphise,Orphise,False,FEMALE,4,27,585,7,17,0.8888888888888888,0.08928571428571427,0.36962484689557723
lucile,Lucile,False,FEMALE,3,6,241,6,15,0.8,0.0,0.35303786560542627
isabelle,Isabelle,False,FEMALE,1,2,9,2,2,0.5714285714285714,0.0,0.12118658903594544
clarice,Clarice,False,FEMALE,2,18,320,6,11,0.8,0.0,0.35303786560542627
philippin,Philippin,False,MALE,1,13,351,6,6,0.8,0.0,0.35303786560542627
