id,name,isGroup,gender,numOfScenes,numOfSpeechActs,numOfWords,degree,weightedDegree,closeness,betweenness,eigenvector
jacinte,Jacinte,False,UNKNOWN,21,91,2519,6,35,1.0,0.06666666666666667,0.41503568726836343
lucinde,Lucinde,False,FEMALE,13,55,1578,6,25,1.0,0.06666666666666667,0.41503568726836343
belamire,Belamire,False,FEMALE,12,62,1254,5,28,0.8571428571428571,0.0,0.37770082601453925
arimant,Arimant,False,MALE,11,86,2268,5,22,0.8571428571428571,0.0,0.37770082601453925
le-marquis,Le Marquis,False,MALE,6,36,889,5,14,0.8571428571428571,0.0,0.37770082601453925
geronte,Géronte,False,MALE,7,27,1376,6,17,1.0,0.06666666666666667,0.41503568726836343
ergaste,Ergaste,False,MALE,1,1,11,3,3,0.6666666666666666,0.0,0.23507954603673165
