id,name,isGroup,gender,numOfScenes,numOfSpeechActs,numOfWords,degree,weightedDegree,closeness,betweenness,eigenvector
marcie,Marcie,False,FEMALE,8,40,2682,6,14,1.0,0.3999999999999999,0.48186710254602216
barsine,Barsine,False,FEMALE,1,2,12,1,1,0.5454545454545454,0.0,0.11429071610676879
manlius,Manlius,False,MALE,8,15,600,5,12,0.8571428571428571,0.06666666666666667,0.4599560250680866
priscus,Priscus,False,MALE,2,2,24,3,4,0.6666666666666666,0.0,0.33247688526313857
regulus,Régulus,False,MALE,9,53,3324,5,14,0.8571428571428571,0.06666666666666667,0.4599560250680866
licinius,Licinius,False,MALE,3,20,495,3,6,0.6666666666666666,0.0,0.33247688526313857
attilius,Attilius,False,MALE,1,2,98,3,3,0.6666666666666666,0.0,0.33247688526313857
