id,name,isGroup,gender,numOfScenes,numOfSpeechActs,numOfWords,degree,weightedDegree,closeness,betweenness,eigenvector
le-capitan,Le Capitan,False,MALE,8,40,1112,6,15,1.0,0.13333333333333333,0.420331591958613
le-docteur,Le Docteur,False,MALE,7,30,1049,6,16,1.0,0.13333333333333333,0.420331591958613
lucinde,Lucinde,False,FEMALE,1,2,142,2,2,0.6,0.0,0.16369511341180393
philis,Philis,False,FEMALE,5,21,357,5,13,0.8571428571428571,0.0,0.39365169104430775
cloris,Cloris,False,FEMALE,4,10,224,5,10,0.8571428571428571,0.0,0.39365169104430775
leandre,Léandre,False,MALE,3,20,291,5,8,0.8571428571428571,0.0,0.39365169104430775
trapolin,Trapolin,False,UNKNOWN,3,16,214,5,8,0.8571428571428571,0.0,0.39365169104430775
