id,name,isGroup,gender,numOfScenes,numOfSpeechActs,numOfWords,degree,weightedDegree,closeness,betweenness,eigenvector
isabelle,Isabelle,False,FEMALE,11,31,1489,4,15,0.8333333333333334,0.03333333333333333,0.46790106395473485
le-capitan,Le Capitan,False,MALE,4,28,1201,3,7,0.7142857142857143,0.0,0.38596343658615123
trapolin,Trapolin,False,MALE,7,41,780,4,13,0.8333333333333334,0.03333333333333333,0.46790106395473485
le-docteur,Le Docteur,False,MALE,9,45,1401,3,10,0.7142857142857143,0.0,0.38596343658615123
leandre,Léandre,False,MALE,8,47,1061,5,10,1.0,0.43333333333333335,0.4962970306070293
colinette,Colinette,False,FEMALE,2,5,314,1,1,0.5555555555555556,0.0,0.1337568590686684
