id,name,isGroup,gender,numOfScenes,numOfSpeechActs,numOfWords,degree,weightedDegree,closeness,betweenness,eigenvector
pierrot,Pierrot,False,MALE,10,62,1009,6,20,0.8,0.0857142857142857,0.4180437051063472
almoraddin,Almoraddin,False,MALE,14,66,1056,7,23,0.8888888888888888,0.19285714285714287,0.4471112832500745
hanif,Hanif,False,MALE,3,10,259,5,6,0.7272727272727273,0.06785714285714285,0.3549932507649473
sindbad,Sindbad,False,MALE,2,10,168,4,6,0.6666666666666666,0.0,0.32896247658059496
assan,Assan,False,MALE,6,14,284,7,10,0.8888888888888888,0.24166666666666664,0.4345770797035735
amine,Amine,False,FEMALE,2,5,104,2,3,0.5333333333333333,0.0,0.15696834579979563
nour,Nour,False,FEMALE,4,21,442,4,9,0.6666666666666666,0.019047619047619046,0.3046206125866216
la-reine,La Reine,False,FEMALE,4,26,465,3,9,0.5714285714285714,0.0,0.23255300368769644
estonish,Estonish,False,UNKNOWN,1,1,3,2,2,0.5714285714285714,0.0,0.17528127396016124
