id,name,isGroup,gender,numOfScenes,numOfSpeechActs,numOfWords,degree,weightedDegree,closeness,betweenness,eigenvector
mathurine,Mathurine,False,FEMALE,7,44,365,6,15,0.875,0.04761904761904761,0.40729686072475296
colette,Colette,False,FEMALE,9,56,825,6,16,0.875,0.04761904761904761,0.40729686072475296
madame-thomas,Madame Thomas,False,FEMALE,6,75,1065,7,13,1.0,0.23809523809523808,0.42715538749804693
lucas,Lucas,False,MALE,8,74,1061,5,15,0.7777777777777778,0.0,0.3674234680663179
le-magister,Le Magister,False,MALE,5,23,257,4,6,0.7,0.047619047619047616,0.25437542329212415
valere,Valère,False,MALE,3,22,305,5,8,0.7777777777777778,0.0,0.3674234680663179
monsieur-griffart,Monsieur Griffart,False,MALE,2,10,132,2,3,0.5833333333333334,0.0,0.126688353001477
arlequin,Arlequin,False,MALE,3,24,397,5,8,0.7777777777777778,0.0,0.3674234680663179
