id,name,isGroup,gender,numOfScenes,numOfSpeechActs,numOfWords,degree,weightedDegree,closeness,betweenness,eigenvector
berenice,Bérénice,False,FEMALE,15,113,3578,5,21,0.8571428571428571,0.0,0.3777008260145393
amasie,Amasie,False,FEMALE,12,76,1919,6,20,1.0,0.06666666666666667,0.41503568726836354
tirinte,Tirinte,False,MALE,13,62,2033,6,18,1.0,0.06666666666666667,0.41503568726836354
criton,Criton,False,MALE,7,59,2277,6,13,1.0,0.06666666666666667,0.41503568726836354
tarsis,Tarsis,False,MALE,12,95,3437,5,15,0.8571428571428571,0.0,0.3777008260145393
le-roi,Le Roi,False,MALE,5,56,2305,5,10,0.8571428571428571,0.0,0.3777008260145393
leonide,Léonide,False,MALE,2,3,49,3,3,0.6666666666666666,0.0,0.23507954603673165
