id,name,isGroup,gender,numOfScenes,numOfSpeechActs,numOfWords,degree,weightedDegree,closeness,betweenness,eigenvector
tarquin,Tarquin,False,MALE,8,46,1912,6,17,0.875,0.023809523809523808,0.3939018259530898
porsenne,Porsenne,False,MALE,11,72,2553,6,25,0.875,0.023809523809523808,0.3939018259530898
marcile,Marcile,False,MALE,8,17,605,5,14,0.7777777777777778,0.0,0.35086286214346124
arons,Arons,False,MALE,12,50,2424,6,24,0.875,0.023809523809523808,0.3939018259530898
licine,Licine,False,MALE,1,1,7,4,4,0.7,0.0,0.28455723819764733
junie,Junie,False,FEMALE,13,93,4300,7,25,1.0,0.16666666666666666,0.4151192829371185
fulvie,Fulvie,False,FEMALE,3,19,286,2,4,0.5833333333333334,0.0,0.1402807960558006
scevole,Scévole,False,MALE,7,50,3010,6,17,0.875,0.09523809523809523,0.3720803191274899
