id,name,isGroup,gender,numOfScenes,numOfSpeechActs,numOfWords,degree,weightedDegree,closeness,betweenness,eigenvector
tarquin,Tarquin,False,MALE,10,54,3354,4,10,0.6153846153846154,0.023809523809523808,0.2883034919177251
collatin,Collatin,False,MALE,6,31,1875,5,12,0.7272727272727273,0.026785714285714284,0.36472955963940684
brute,Brute,False,MALE,5,45,2427,5,11,0.7272727272727273,0.026785714285714284,0.36472955963940684
libane,Libane,False,MALE,4,17,653,4,6,0.6666666666666666,0.038690476190476185,0.28065947583873463
lucrece,Lucrèce,False,FEMALE,9,45,3599,7,17,0.8888888888888888,0.14583333333333331,0.45296590725295954
livie,Livie,False,FEMALE,8,30,993,7,16,0.8888888888888888,0.2619047619047619,0.4276628993928228
cornelie,Cornélie,False,FEMALE,5,11,418,4,10,0.6666666666666666,0.047619047619047616,0.2553564679785979
procule,Procule,False,MALE,1,2,129,2,2,0.5333333333333333,0.0,0.13459100656207645
le-pere,Le Père,False,MALE,2,6,177,4,6,0.6666666666666666,0.0,0.3172707335762183
