id,name,isGroup,gender,numOfScenes,numOfSpeechActs,numOfWords,degree,weightedDegree,closeness,betweenness,eigenvector
esther,Esther,False,FEMALE,11,80,3848,6,21,0.8,0.11607142857142856,0.42067169042357366
thamar,Thamar,False,FEMALE,3,8,364,2,5,0.5,0.0,0.16765482188366262
mardochee,Mardochée,False,MALE,9,42,1931,6,18,0.8,0.11607142857142856,0.42067169042357366
haman,Haman,False,MALE,17,132,5563,7,24,0.8888888888888888,0.36607142857142855,0.43357971880722684
thares,Tharès,False,MALE,5,29,514,2,6,0.5333333333333333,0.0,0.1589357019349363
vasthi,Vasthi,False,FEMALE,3,38,1671,5,6,0.7272727272727273,0.07142857142857142,0.36400320159052785
le-roi,Le Roi,False,UNKNOWN,6,49,2157,5,11,0.7272727272727273,0.008928571428571428,0.3928143335903739
zethar,Zéthar,False,MALE,3,5,151,4,6,0.6666666666666666,0.0,0.33233141311296627
tharsis,Tharsis,False,UNKNOWN,1,5,88,1,1,0.5,0.0,0.08640016757584132
