id,name,isGroup,gender,numOfScenes,numOfSpeechActs,numOfWords,degree,weightedDegree,closeness,betweenness,eigenvector
lydie,Lydie,False,FEMALE,12,69,4731,5,14,0.7777777777777778,0.2658730158730158,0.4153466164398682
theoxene,Théoxène,False,FEMALE,2,9,751,2,4,0.5,0.0,0.16097705727650866
dioclee,Dioclée,False,FEMALE,6,13,400,3,9,0.5833333333333334,0.03571428571428571,0.2496131320269612
alcionee,Alcionée,False,MALE,13,81,5392,5,14,0.7777777777777778,0.20238095238095238,0.4442225138513418
achate,Achate,False,MALE,4,14,716,2,5,0.5,0.0,0.19548058402927826
alcire,Alcire,False,MALE,6,39,1115,4,9,0.7,0.027777777777777773,0.40612323886033797
le-roi,Le Roi,False,UNKNOWN,6,25,1486,5,9,0.7777777777777778,0.16666666666666666,0.4547734844515862
callisthene,Callisthene,False,MALE,4,9,163,4,8,0.6363636363636364,0.06349206349206349,0.3632706315059863
