id,name,isGroup,gender,numOfScenes,numOfSpeechActs,numOfWords,degree,weightedDegree,closeness,betweenness,eigenvector
nerine,Nérine,False,FEMALE,30,190,3150,8,57,1.0,0.0738095238095238,0.37956701686737665
angelique,Angélique,False,FEMALE,15,83,960,7,39,0.8888888888888888,0.014285714285714285,0.3578110613154041
dorante,Dorante,False,MALE,14,69,837,6,31,0.8,0.0,0.3223829302128378
la-marquise,La Marquise,False,FEMALE,16,158,2163,7,31,0.8888888888888888,0.014285714285714285,0.3578110613154041
pyrante,Pyrante,False,MALE,5,24,534,5,8,0.7272727272727273,0.0,0.2746363925604955
le-comte,Le Comte,False,MALE,13,105,1711,8,31,1.0,0.0738095238095238,0.3795670168673766
un-laquais,Un Laquais,False,UNKNOWN,3,4,39,3,4,0.6153846153846154,0.0,0.16864896209587765
falaise,Falaise,False,MALE,13,71,1887,8,21,1.0,0.0738095238095238,0.37956701686737665
le-chevalier,Le Chevalier,False,MALE,15,69,2001,6,32,0.8,0.0,0.3223829302128378
