id,name,isGroup,gender,numOfScenes,numOfSpeechActs,numOfWords,degree,weightedDegree,closeness,betweenness,eigenvector
valere,Valère,False,MALE,6,62,659,6,15,1.0,0.13333333333333333,0.420331591958613
isabelle,Isabelle,False,FEMALE,4,23,486,5,12,0.8571428571428571,0.0,0.3936516910443078
geronte,Géronte,False,MALE,3,14,256,5,11,0.8571428571428571,0.0,0.3936516910443078
frontin,Frontin,False,MALE,7,55,1179,6,11,1.0,0.13333333333333333,0.420331591958613
le-laquais,Le Laquais,False,UNKNOWN,2,2,28,2,3,0.6,0.0,0.16369511341180396
belise,Bélise,False,FEMALE,4,77,883,5,11,0.8571428571428571,0.0,0.3936516910443078
araminte,Araminte,False,FEMALE,5,68,912,5,11,0.8571428571428571,0.0,0.3936516910443078
