id,name,isGroup,gender,numOfScenes,numOfSpeechActs,numOfWords,degree,weightedDegree,closeness,betweenness,eigenvector
galaor,Galaor,False,MALE,5,14,514,7,14,1.0,0.09523809523809523,0.41592771269047385
perion,Périon,False,MALE,11,36,1171,7,19,1.0,0.09523809523809523,0.41592771269047385
le-roi,Le Roi,False,UNKNOWN,5,12,378,5,9,0.7777777777777778,0.0,0.336812055223689
dariolette,Dariolette,False,FEMALE,6,21,589,7,16,1.0,0.09523809523809523,0.41592771269047385
elizene,Elizène,False,FEMALE,3,8,135,5,9,0.7777777777777778,0.0,0.336812055223689
l-ombre,L Ombre,False,UNKNOWN,1,1,34,5,5,0.7777777777777778,0.0,0.336812055223689
un-berger,Un Berger,False,UNKNOWN,1,1,50,4,4,0.7,0.0,0.26522191822716673
un-gaulois,Un Gaulois,False,UNKNOWN,1,2,74,4,4,0.7,0.0,0.26522191822716673
