id,name,isGroup,gender,numOfScenes,numOfSpeechActs,numOfWords,degree,weightedDegree,closeness,betweenness,eigenvector
frontin,Frontin,False,MALE,8,66,1457,5,14,1.0,0.11666666666666665,0.47348299147854844
valcour,Valcour,False,MALE,5,28,912,5,10,1.0,0.11666666666666665,0.47348299147854844
la-fleur,La Fleur,False,MALE,3,22,228,4,6,0.8333333333333334,0.03333333333333333,0.4091667403467469
dorval,Dorval,False,MALE,1,10,250,3,3,0.7142857142857143,0.0,0.3292361392291901
zamire,Zamire,False,FEMALE,10,42,1425,4,13,0.8333333333333334,0.03333333333333333,0.4091667403467469
le-sauvage,Le Sauvage,False,UNKNOWN,4,32,782,3,8,0.7142857142857143,0.0,0.3292361392291901
