id,name,isGroup,gender,numOfScenes,numOfSpeechActs,numOfWords,degree,weightedDegree,closeness,betweenness,eigenvector
valcour,Valcour,False,MALE,6,43,612,8,18,1.0,0.05952380952380952,0.3609511814747592
ali,Ali,False,MALE,11,78,1612,7,17,0.8888888888888888,0.0,0.3424279766143872
zisine,Zisine,False,FEMALE,3,23,275,7,13,0.8888888888888888,0.0,0.3424279766143872
fatme,Fatmé,False,FEMALE,3,22,233,7,13,0.8888888888888888,0.0,0.3424279766143872
selim,Sélim,False,MALE,8,52,1002,8,20,1.0,0.05952380952380952,0.36095118147475913
zeila,Zéila,False,FEMALE,6,13,409,8,16,1.0,0.05952380952380952,0.3609511814747592
tous-trois,Tous Trois,False,UNKNOWN,1,1,21,3,3,0.6153846153846154,0.0,0.15118908007792672
fatime,Fatime,False,UNKNOWN,1,2,15,7,7,0.8888888888888888,0.0,0.3424279766143872
tous,Tous,False,UNKNOWN,1,1,42,7,7,0.8888888888888888,0.0,0.3424279766143872
