id,name,isGroup,gender,numOfScenes,numOfSpeechActs,numOfWords,degree,weightedDegree,closeness,betweenness,eigenvector
le-chevalier,Le Chevalier,False,UNKNOWN,9,54,1749,4,10,1.0,0.5833333333333333,0.5825392535755105
le-clerc,Le Clerc,False,UNKNOWN,1,7,146,1,1,0.5714285714285714,0.0,0.21691733875073665
dusincere,Dusincère,False,MALE,8,55,1500,3,9,0.8,0.08333333333333333,0.5236826290621273
l-huissier,L Huissier,False,UNKNOWN,3,29,516,2,5,0.6666666666666666,0.0,0.4119170973700677
le-colonel,Le Colonel,False,MALE,2,26,599,2,3,0.6666666666666666,0.0,0.4119170973700677
