id,name,isGroup,gender,numOfScenes,numOfSpeechActs,numOfWords,degree,weightedDegree,closeness,betweenness,eigenvector
frontin,Frontin,False,MALE,7,71,1509,5,13,1.0,0.15000000000000002,0.4611371533500853
valcour,Valcour,False,MALE,4,38,1674,4,8,0.8333333333333334,0.0,0.41893485189381474
la-fleur,La Fleur,False,MALE,3,25,316,4,6,0.8333333333333334,0.0,0.41893485189381474
dorval,Dorval,False,MALE,2,28,640,4,6,0.8333333333333334,0.0,0.41893485189381474
zamire,Zamire,False,FEMALE,8,34,1255,5,10,1.0,0.15000000000000002,0.4611371533500853
le-sauvage,Le Sauvage,False,UNKNOWN,2,24,533,2,3,0.625,0.0,0.2195126903085156
