id,name,isGroup,gender,numOfScenes,numOfSpeechActs,numOfWords,degree,weightedDegree,closeness,betweenness,eigenvector
laroche,Laroche,False,FEMALE,9,59,839,5,17,0.8571428571428571,0.0,0.39365169104430775
julie,Julie,False,UNKNOWN,7,36,595,5,16,0.8571428571428571,0.0,0.39365169104430775
chambre,Chambre,False,UNKNOWN,5,26,546,5,14,0.8571428571428571,0.0,0.39365169104430775
dubois,Dubois,False,MALE,8,74,1180,6,17,1.0,0.13333333333333333,0.420331591958613
bievre,Bievre,False,UNKNOWN,11,75,1724,6,19,1.0,0.13333333333333333,0.420331591958613
le-valet,Le Valet,False,UNKNOWN,1,2,7,2,2,0.6,0.0,0.16369511341180398
tous,Tous,False,UNKNOWN,1,4,184,5,5,0.8571428571428571,0.0,0.39365169104430775
