id,name,isGroup,gender,numOfScenes,numOfSpeechActs,numOfWords,degree,weightedDegree,closeness,betweenness,eigenvector
madame-dumeny,Madame Dumeny,False,FEMALE,6,11,403,5,9,0.7777777777777778,0.21428571428571427,0.4897164154227249
madame-de-cassagne,Madame de Cassagne,False,FEMALE,4,5,255,4,4,0.6363636363636364,0.2857142857142857,0.36399049481516277
mademoiselle-de-letang,Mademoiselle de Letang,False,FEMALE,1,1,35,1,1,0.4117647058823529,0.0,0.09344836840062884
le-marquis,Le Marquis,False,MALE,3,5,157,3,4,0.5833333333333334,0.0,0.3449002096157532
madame-de-letang,Madame de Letang,False,UNKNOWN,4,5,248,4,5,0.6363636363636364,0.2857142857142857,0.36399049481516277
mademoiselle-dumeny,Mademoiselle Dumeny,False,FEMALE,4,7,334,5,7,0.7777777777777778,0.21428571428571427,0.4897164154227249
le-chevalier,Le Chevalier,False,MALE,2,7,183,3,3,0.5833333333333334,0.0,0.3449002096157532
le-maitre-a-danser,Le Maitre A Danser,False,UNKNOWN,1,1,56,1,1,0.4117647058823529,0.0,0.09344836840062885
