id,name,isGroup,gender,numOfScenes,numOfSpeechActs,numOfWords,degree,weightedDegree,closeness,betweenness,eigenvector
oreste,Oreste,False,MALE,6,58,2954,5,12,0.7777777777777778,0.06349206349206349,0.43765226269966734
le-choeur-des-khoephores,Le Choeur des Khoèphores,False,UNKNOWN,7,58,2959,6,12,0.875,0.5238095238095237,0.41842704997078933
electre,Electre,False,FEMALE,4,44,1648,4,9,0.7,0.0,0.38463338228202404
le-portier,Le Portier,False,MALE,2,4,147,5,7,0.7777777777777778,0.06349206349206349,0.43765226269966734
clytemnestre,Clytemnestre,False,MALE,2,17,381,5,7,0.7777777777777778,0.06349206349206349,0.43765226269966734
gilissa,Gilissa,False,UNKNOWN,1,7,364,1,1,0.5,0.0,0.0929554105468134
egisthe,Egisthe,False,MALE,1,3,142,1,1,0.5,0.0,0.0929554105468134
pylade,Pylade,False,MALE,1,1,28,3,3,0.5384615384615384,0.0,0.29167797182640265
