id,name,isGroup,gender,numOfScenes,numOfSpeechActs,numOfWords,degree,weightedDegree,closeness,betweenness,eigenvector
helene,Hélène,False,FEMALE,9,176,5678,6,17,0.8,0.2738095238095238,0.433092383337093
teucer,Teucer,False,FEMALE,1,32,584,1,1,0.47058823529411764,0.0,0.09274823033842872
le-choeur,Le Choeur,False,FEMALE,9,37,2045,6,20,0.8,0.14880952380952378,0.44875805546705
menelas,Ménélas,False,MALE,8,131,3464,6,17,0.8,0.2738095238095238,0.433092383337093
la-vieille-femme,La Vieille Femme,False,UNKNOWN,1,18,304,1,1,0.47058823529411764,0.0,0.09274823033842872
le-messager,Le Messager,False,UNKNOWN,3,15,1630,4,8,0.6666666666666666,0.0,0.3670645977413398
theonoe,Théonoé,False,FEMALE,1,2,597,3,3,0.6153846153846154,0.0,0.2815989527057965
theoclymene,Théoclymène,False,FEMALE,3,70,1472,5,7,0.7272727272727273,0.08928571428571427,0.3990893746420453
les-dioscures,Les Dioscures,False,UNKNOWN,1,1,359,2,2,0.5,0.0,0.18156815841499552
