id,name,isGroup,gender,numOfScenes,numOfSpeechActs,numOfWords,degree,weightedDegree,closeness,betweenness,eigenvector
augusta,Augusta,False,FEMALE,16,77,3907,4,19,1.0,0.05555555555555555,0.47922935468618827
fulvie,Fulvie,False,FEMALE,4,18,765,3,6,0.8,0.0,0.3943460896352204
agathocle,Agathocle,False,MALE,10,30,2023,4,15,1.0,0.05555555555555555,0.47922935468618827
domitius,Domitius,False,MALE,13,60,3306,3,16,0.8,0.0,0.3943460896352204
maxime,Maxime,False,MALE,7,13,534,4,10,1.0,0.05555555555555555,0.47922935468618827
