id,name,isGroup,gender,numOfScenes,numOfSpeechActs,numOfWords,degree,weightedDegree,closeness,betweenness,eigenvector
isabelle,Isabelle,False,FEMALE,2,8,197,1,1,0.16666666666666666,0.0,2.2842385974887556e-06
agathe,Agathe,False,FEMALE,1,8,239,1,1,0.16666666666666666,0.0,2.2842385974887556e-06
eraste,Eraste,False,MALE,6,30,434,4,5,0.6666666666666666,0.23333333333333334,0.5825389996974397
pierrot,Pierrot,False,MALE,3,10,274,2,3,0.4444444444444444,0.0,0.4119172768850078
olivette,Olivette,False,FEMALE,3,24,389,2,2,0.4444444444444444,0.0,0.4119172768850078
arlequin,Arlequin,False,UNKNOWN,3,42,840,3,3,0.5333333333333333,0.03333333333333333,0.5236829441287479
eleonore,Eléonore,False,FEMALE,3,3,196,1,1,0.38095238095238093,0.0,0.21691657810549445
