id,name,isGroup,gender,numOfScenes,numOfSpeechActs,numOfWords,degree,weightedDegree,closeness,betweenness,eigenvector
iphigenie,Iphigénie,False,FEMALE,19,98,2251,7,30,0.8888888888888888,0.46428571428571425,0.5324937875424632
ismenie,Isménie,False,FEMALE,9,21,378,4,15,0.6153846153846154,0.03571428571428571,0.35886036299386664
eumene,Eumène,False,MALE,5,5,100,3,11,0.5714285714285714,0.0,0.28483556174126984
thoas,Thoas,False,MALE,5,25,696,4,8,0.6666666666666666,0.25,0.32508525173802894
oreste,Oreste,False,MALE,8,60,1101,4,13,0.6666666666666666,0.05357142857142857,0.3514712323862339
pilade,Pilade,False,MALE,8,47,517,4,13,0.6666666666666666,0.05357142857142857,0.37969902320099286
l-esclave,L Esclave,False,UNKNOWN,1,2,102,3,3,0.5714285714285714,0.0,0.28483556174126984
ensemble,Ensemble,False,UNKNOWN,1,3,29,2,2,0.5333333333333333,0.0,0.21406884765756948
arbas,Arbas,False,MALE,1,2,22,1,1,0.42105263157894735,0.0,0.07872575046171026
