id,name,isGroup,gender,numOfScenes,numOfSpeechActs,numOfWords,degree,weightedDegree,closeness,betweenness,eigenvector
miltiade,Miltiade,False,MALE,13,41,1968,6,18,0.875,0.023809523809523808,0.39246606681508506
themistocle,Thémistocle,False,MALE,17,47,3865,6,23,0.875,0.023809523809523808,0.39246606681508506
artaban,Artaban,False,MALE,16,44,2302,7,21,1.0,0.14285714285714285,0.4147315391322487
hydaspe,Hydaspe,False,MALE,3,6,308,2,3,0.5833333333333334,0.0,0.14748578400760304
xerxes,Xerxès,False,MALE,15,49,2521,7,23,1.0,0.14285714285714285,0.4147315391322487
roxane,Roxane,False,FEMALE,4,11,1020,4,6,0.7,0.0,0.2870528362634474
parmenis,Parmenis,False,MALE,6,18,634,5,10,0.7777777777777778,0.0,0.3491309828733047
aristide,Aristide,False,MALE,10,28,1713,5,16,0.7777777777777778,0.0,0.3491309828733047
