id,name,isGroup,gender,numOfScenes,numOfSpeechActs,numOfWords,degree,weightedDegree,closeness,betweenness,eigenvector
racine,Racine,False,UNKNOWN,7,141,2547,5,8,0.8333333333333334,0.04444444444444444,0.447620720284473
courtes,Courtès,False,MALE,7,87,1015,4,10,0.6944444444444445,0.0,0.3917471358756897
georges,Georges,False,MALE,7,89,786,4,10,0.6944444444444445,0.0,0.3917471358756897
monsingre,Monsingre,False,MALE,6,109,1479,5,8,0.8333333333333334,0.04444444444444444,0.447620720284473
jeanne,Jeanne,False,FEMALE,6,64,535,5,10,0.8333333333333334,0.04444444444444444,0.447620720284473
clorinde,Clorinde,False,FEMALE,3,49,525,3,4,0.5952380952380952,0.0,0.30327452148574335
locuteur-de-l-epiloque,Locuteur de L Epiloque,False,UNKNOWN,1,1,293,0,0,0.0,0.0,1.0064411054251617e-07
