id,name,isGroup,gender,numOfScenes,numOfSpeechActs,numOfWords,degree,weightedDegree,closeness,betweenness,eigenvector
eraste,Eraste,False,MALE,3,53,582,2,4,0.6666666666666666,0.0,0.4734853836484836
clarice,Clarice,False,FEMALE,2,36,441,2,3,0.6666666666666666,0.0,0.4734853836484836
lisidor,Lisdor,False,MALE,7,58,1282,4,6,1.0,0.8333333333333333,0.6358559007605201
picard,Picard,False,MALE,2,4,29,1,2,0.5714285714285714,0.0,0.2713949671701046
isabelle,Isabelle,False,FEMALE,1,28,349,1,1,0.5714285714285714,0.0,0.2713949671701046
