id,name,isGroup,gender,numOfScenes,numOfSpeechActs,numOfWords,degree,weightedDegree,closeness,betweenness,eigenvector
bourguignon,Bourguignon,False,MALE,1,13,132,3,3,0.5833333333333334,0.0,0.2507183119328776
collette,Collette,False,UNKNOWN,4,18,239,6,11,0.875,0.1349206349206349,0.43939738386391064
colette,Colette,False,FEMALE,3,6,79,5,9,0.7777777777777778,0.04365079365079365,0.39021396183211704
le-petit-monval,Le Petit Monval,False,MALE,4,14,204,5,10,0.7777777777777778,0.04365079365079365,0.39021396183211704
lucette,Lucette,False,FEMALE,5,16,212,6,11,0.875,0.21031746031746026,0.42153261271854586
le-pere-thomas,Le Père Thomas,False,MALE,4,20,382,5,9,0.7777777777777778,0.031746031746031744,0.3966516239079978
madame-monval,Madame Monval,False,FEMALE,3,10,224,4,5,0.7,0.05952380952380952,0.28847462489518716
alison,Alison,False,FEMALE,1,2,12,2,2,0.5384615384615384,0.0,0.1459333120128903
