id,name,isGroup,gender,numOfScenes,numOfSpeechActs,numOfWords,degree,weightedDegree,closeness,betweenness,eigenvector
sophar,Sophar,False,MALE,5,16,829,8,13,1.0,0.10714285714285714,0.40824823786673065
eliphas,Eliphas,False,MALE,6,25,411,8,15,1.0,0.10714285714285714,0.40824823786673065
tobie,Tobie,False,UNKNOWN,5,24,549,5,10,0.7272727272727273,0.0,0.288675171786597
anne,"Anne, Femme du Vieux Tobie",False,FEMALE,4,21,754,8,13,1.0,0.10714285714285714,0.40824823786673065
troupe-de-voisins-et-voisines,Troupe de Voisins et Voisines,False,UNKNOWN,1,1,15,5,5,0.7272727272727273,0.0,0.288675171786597
les-voisins,Les Voisins,False,UNKNOWN,1,0,4,5,5,0.7272727272727273,0.0,0.288675171786597
le-jeune-tobie,Le Jeune Tobie,False,MALE,1,4,76,5,5,0.7272727272727273,0.0,0.288675171786597
le-vieux-tobie,Le Vieux Tobie,False,MALE,1,6,70,5,5,0.7272727272727273,0.0,0.288675171786597
l-ange,L Ange,False,UNKNOWN,1,1,131,5,5,0.7272727272727273,0.0,0.288675171786597
