id,name,isGroup,gender,numOfScenes,numOfSpeechActs,numOfWords,degree,weightedDegree,closeness,betweenness,eigenvector
pauline,Pauline,False,UNKNOWN,5,25,325,6,14,1.0,0.03333333333333333,0.4046820920252955
lisette,Lisette,False,FEMALE,3,24,234,4,7,0.75,0.0,0.29413780286972885
adeline,Adeline,False,FEMALE,3,6,36,6,11,1.0,0.03333333333333333,0.4046820920252955
rosa,Rosa,False,FEMALE,3,16,252,6,11,1.0,0.03333333333333333,0.4046820920252955
la-presidente,La Présidente,False,FEMALE,3,21,261,6,11,1.0,0.03333333333333333,0.4046820920252955
les-deux-choristes,Les Deux Choristes,False,UNKNOWN,1,1,6,5,5,0.8571428571428571,0.0,0.35945275802189197
toutes,Toutes,False,UNKNOWN,1,1,4,5,5,0.8571428571428571,0.0,0.35945275802189197
