id,name,isGroup,gender,numOfScenes,numOfSpeechActs,numOfWords,degree,weightedDegree,closeness,betweenness,eigenvector
lisette,Lisette,False,FEMALE,6,55,1272,5,7,0.8571428571428571,0.03333333333333333,0.36523686670772504
mericourt,Méricourt,False,MALE,8,102,1939,4,8,0.75,0.013333333333333334,0.30317293680300894
dorimond,Dorimond,False,MALE,8,95,2649,6,17,1.0,0.04666666666666666,0.4240792670104928
dorsainville,Dorsainville,False,MALE,7,45,805,5,9,0.8571428571428571,0.013333333333333334,0.375235781455455
clerval,Clerval,False,MALE,10,96,2100,5,17,0.8571428571428571,0.013333333333333334,0.375235781455455
orphise,Orphise,False,FEMALE,12,85,2061,6,20,1.0,0.04666666666666666,0.4240792670104928
cenie,Cénie,False,FEMALE,11,90,1753,5,18,0.8571428571428571,0.03333333333333333,0.36523686670772504
