id,name,isGroup,gender,numOfScenes,numOfSpeechActs,numOfWords,degree,weightedDegree,closeness,betweenness,eigenvector
isabelle,Isabelle,False,FEMALE,6,42,697,4,8,0.7,0.30158730158730157,0.2683458943830522
valere,Valère,False,MALE,7,43,996,6,13,0.875,0.19047619047619044,0.4700140907218047
paillardet,Paillardet,False,MALE,5,16,336,5,8,0.7777777777777778,0.12698412698412698,0.4233331706421788
agnes,Agnès,False,FEMALE,4,18,445,5,8,0.7,0.06349206349206349,0.42130548972601595
bibi,Bibi,False,FEMALE,2,7,335,4,5,0.6363636363636364,0.0,0.37462456964639
pousse,Pousse,False,MALE,1,2,333,4,4,0.6363636363636364,0.0,0.37462456964639
barbe,Barbe,False,UNKNOWN,1,2,101,1,1,0.4375,0.0,0.059510829446008884
branlard,Branlard,False,MALE,3,20,387,3,5,0.6363636363636364,0.031746031746031744,0.25717556506137795
