id,name,isGroup,gender,numOfScenes,numOfSpeechActs,numOfWords,degree,weightedDegree,closeness,betweenness,eigenvector
alzonde,Alzonde,False,FEMALE,10,19,2264,6,10,0.8,0.25,0.38439291400881115
amelie,Amélie,False,FEMALE,3,5,187,1,3,0.47058823529411764,0.0,0.07183472289951455
volfax,Volfax,False,MALE,10,20,1146,5,8,0.7272727272727273,0.0,0.3730821899565563
vorcestre,Le Duc de Vorcestre,False,MALE,12,27,3160,6,13,0.8,0.059523809523809514,0.40920377552564025
edouard,Edouard,False,UNKNOWN,17,44,2885,6,16,0.8,0.059523809523809514,0.40920377552564025
ismene,Ismène,False,FEMALE,3,5,137,1,3,0.47058823529411764,0.0,0.07183472289951455
eugenie,Eugénie,False,FEMALE,14,35,2511,6,12,0.8,0.25,0.3843929140088112
arondel,Le Comte d'Arondel,False,MALE,8,18,1719,6,9,0.8,0.059523809523809514,0.4092037755256401
glaston,Glaston,False,MALE,3,3,111,3,4,0.5333333333333333,0.0,0.22941275098702296
