id,name,isGroup,gender,numOfScenes,numOfSpeechActs,numOfWords,degree,weightedDegree,closeness,betweenness,eigenvector
crispin,Crispin,False,MALE,6,90,1860,6,14,1.0,0.13333333333333333,0.45313896351459754
timante,Timante,False,MALE,8,82,1077,4,14,0.75,0.02222222222222222,0.3313541601050683
perrette,Perrette,False,FEMALE,10,46,680,6,22,1.0,0.13333333333333333,0.45313896351459754
babet,Babet,False,FEMALE,2,16,155,3,4,0.6666666666666666,0.0,0.26044647912562774
jaquemin,Jaquemin,False,MALE,7,78,1158,5,15,0.8571428571428571,0.04444444444444444,0.40785927460428323
pirante,Pirante,False,MALE,4,44,504,4,10,0.75,0.0,0.35025206901689343
nicodeme,Nicodème,False,MALE,3,44,694,4,9,0.75,0.0,0.35025206901689343
