id,name,isGroup,gender,numOfScenes,numOfSpeechActs,numOfWords,degree,weightedDegree,closeness,betweenness,eigenvector
edouard,Edouard,False,MALE,14,59,8014,8,26,1.0,0.09523809523809523,0.39172350041384707
elips,Elips,False,MALE,8,29,3015,6,15,0.8,0.0,0.33490546186749165
warwick,Warwick,False,UNKNOWN,8,21,1758,6,17,0.8,0.0,0.33490546186749165
isabelle,Isabelle,False,FEMALE,5,13,1215,6,16,0.8,0.0,0.33490546186749165
mortimer,Mortimer,False,MALE,5,14,1078,6,16,0.8,0.0,0.33490546186749165
norfolk,Norfolk,False,UNKNOWN,3,4,156,8,15,1.0,0.09523809523809523,0.39172350041384707
gloucester,Le Comte de Clocestre,False,MALE,3,3,158,8,15,1.0,0.09523809523809523,0.39172350041384707
bedford,Bedford,False,UNKNOWN,1,1,99,4,4,0.6666666666666666,0.0,0.2133206789271219
le-capitaine,Le Capitaine,False,UNKNOWN,1,1,12,4,4,0.6666666666666666,0.0,0.2133206789271219
