id,name,isGroup,gender,numOfScenes,numOfSpeechActs,numOfWords,degree,weightedDegree,closeness,betweenness,eigenvector
mome,Mome,False,MALE,1,18,501,1,1,0.5,0.0,0.055444455077934135
apollon,Apollon,False,MALE,2,19,1896,7,7,0.8888888888888888,0.25,0.35437806450102377
melasie,Mélasie,False,FEMALE,5,25,597,7,19,0.8888888888888888,0.03571428571428571,0.37896210987336937
philinte,Philinte,False,UNKNOWN,5,50,3176,7,19,0.8888888888888888,0.03571428571428571,0.37896210987336937
cleone,Cléone,False,FEMALE,5,33,1027,7,19,0.8888888888888888,0.03571428571428571,0.37896210987336937
alcipe,Alcipe,False,MALE,4,47,1531,7,17,0.8888888888888888,0.03571428571428571,0.37896210987336937
rosimon,Rosimon,False,MALE,1,13,183,4,4,0.6153846153846154,0.0,0.23716182501297836
alcidor,Alcidor,False,MALE,2,31,645,6,10,0.8,0.0,0.3468769563400183
de-la-rancune,De la Rancune,False,MALE,1,11,582,6,6,0.8,0.0,0.3468769563400183
