id,name,isGroup,gender,numOfScenes,numOfSpeechActs,numOfWords,degree,weightedDegree,closeness,betweenness,eigenvector
zulemar,Zulemar,False,UNKNOWN,19,56,4557,5,17,0.7777777777777778,0.31746031746031744,0.47861353834483084
osmar,Osmar,False,MALE,6,10,369,3,5,0.5833333333333334,0.0,0.369926526614743
abendax,Abendax,False,MALE,4,15,655,1,4,0.4666666666666667,0.0,0.12559231655572936
abderamen,Abderamen,False,MALE,9,29,2101,4,9,0.7,0.031746031746031744,0.4525075099184659
fatime,Fatime,False,FEMALE,8,27,1823,4,9,0.7,0.2857142857142857,0.3972836469009979
alamir,Alamir,False,MALE,14,39,2975,5,13,0.7777777777777778,0.31746031746031744,0.4786135383448307
gazul,Gazul,False,MALE,2,5,143,1,2,0.4666666666666667,0.0,0.12559231655572936
zindarise,Zindarise,False,UNKNOWN,1,2,281,1,1,0.4375,0.0,0.10425125490658509
