id,name,isGroup,gender,numOfScenes,numOfSpeechActs,numOfWords,degree,weightedDegree,closeness,betweenness,eigenvector
lydie,Lydie,False,FEMALE,4,14,836,3,5,0.6666666666666666,0.03333333333333333,0.3995222414971484
briseis,Briseis,False,FEMALE,3,11,710,2,4,0.6,0.0,0.30563543780539476
achille,Achille,False,MALE,8,35,1647,6,11,1.0,0.6666666666666666,0.5954297587755876
patrocle,Patrocle,False,MALE,4,16,688,3,5,0.6666666666666666,0.03333333333333333,0.3995222414971484
ulysse,Ulysse,False,MALE,1,8,635,2,2,0.6,0.0,0.2640088235056203
ajax,Ajax,False,MALE,1,6,262,2,2,0.6,0.0,0.2640088235056203
phoenix,Phoenix,False,MALE,2,7,591,2,3,0.6,0.0,0.30563543780539476
