id,name,isGroup,gender,numOfScenes,numOfSpeechActs,numOfWords,degree,weightedDegree,closeness,betweenness,eigenvector
aldobrandin,Aldobrandin,False,MALE,12,97,2260,6,20,0.75,0.07142857142857142,0.4203318382296279
horace,Horace,False,MALE,6,42,961,5,12,0.6428571428571428,0.0,0.39365148153285523
zima,Zima,False,MALE,6,47,1664,6,11,0.75,0.07142857142857142,0.4203318382296279
lucelle,Lucelle,False,FEMALE,7,20,369,5,13,0.6428571428571428,0.0,0.39365148153285523
la-gouvernante,La Gouvernante,False,FEMALE,5,29,1121,5,13,0.6428571428571428,0.0,0.39365148153285523
le-notaire,Le Notaire,False,MALE,1,7,118,5,5,0.6428571428571428,0.0,0.39365148153285523
le-laquais,Un Laquais,False,MALE,1,1,10,2,2,0.44999999999999996,0.0,0.16369586399464914
le-recitant-de-la-marche,Le Recitant de la Marche,False,UNKNOWN,1,1,39,0,0,0.0,0.0,3.1468288217327194e-08
le-chanteur-du-vaudeville,Le Chanteur du Vaudeville,False,UNKNOWN,1,1,616,0,0,0.0,0.0,3.1468288217327194e-08
