id,name,isGroup,gender,numOfScenes,numOfSpeechActs,numOfWords,degree,weightedDegree,closeness,betweenness,eigenvector
antiochus,Antiochus,False,MALE,15,40,2354,5,14,0.7272727272727273,0.30357142857142855,0.4559851916105661
salmonee,Salmonée,False,FEMALE,12,41,3354,6,12,0.8,0.39285714285714285,0.5127864921949569
thares,Tharès,False,MALE,2,5,233,1,2,0.47058823529411764,0.0,0.13571254109927253
misael,Misael,False,MALE,7,41,3021,3,8,0.6153846153846154,0.0,0.37707366508280105
barses,Barsès,False,MALE,2,5,38,2,2,0.5333333333333333,0.0,0.2563931030910368
antigone,Antigone,False,FEMALE,10,45,2801,5,10,0.7272727272727273,0.30357142857142855,0.4559851916105661
cephise,Céphise,False,FEMALE,1,8,63,1,1,0.4444444444444444,0.0,0.12068084800464754
arsace,Arsace,False,MALE,3,3,490,2,4,0.5333333333333333,0.0,0.2563931030910368
hidaspe,Hidaspe,False,MALE,1,3,344,1,1,0.4444444444444444,0.0,0.12068084800464754
