id,name,isGroup,gender,numOfScenes,numOfSpeechActs,numOfWords,degree,weightedDegree,closeness,betweenness,eigenvector
hercule,Hercule,False,UNKNOWN,18,73,3878,6,20,0.8,0.25,0.4812513054105322
lycas,Lycas,False,MALE,5,18,528,2,5,0.5333333333333333,0.0,0.22328189229089257
philoctete,Philoctète,False,FEMALE,12,45,2400,6,16,0.8,0.25,0.4812513054105322
agis,Agis,False,MALE,1,2,71,2,2,0.5333333333333333,0.0,0.23512607412717193
cleon,Cléon,False,MALE,2,4,86,2,3,0.5333333333333333,0.0,0.23512607412717193
iole,Iole,False,FEMALE,10,44,1926,4,11,0.6666666666666666,0.25,0.36247741548756957
dejanire,Déjanire,False,FEMALE,9,41,3727,5,9,0.7272727272727273,0.14285714285714285,0.43276477745423875
phenice,Phénice,False,FEMALE,4,10,229,2,5,0.5333333333333333,0.0,0.22328189229089257
dirce,Dircé,False,FEMALE,3,4,81,1,3,0.42105263157894735,0.0,0.08854933324896577
