id,name,isGroup,gender,numOfScenes,numOfSpeechActs,numOfWords,degree,weightedDegree,closeness,betweenness,eigenvector
babochet,Babochet,False,MALE,8,70,600,6,19,0.8,0.026785714285714284,0.3239758648508679
vachonnet,Vachonnet,False,MALE,3,45,329,6,8,0.8,0.017857142857142856,0.3373214955175233
celine,Céline,False,FEMALE,7,36,267,4,17,0.6666666666666666,0.0,0.2442315121721745
brossard,Brossard,False,MALE,13,147,1388,8,33,1.0,0.09226190476190477,0.4043013261955974
benoit,Benoît,False,MALE,12,149,1871,8,30,1.0,0.09226190476190477,0.4043013261955974
malvoisie,Malvoisie,False,MALE,11,87,667,8,27,1.0,0.09226190476190477,0.40430132619559733
pontbedouin,Pontbédouin,False,MALE,1,21,143,4,4,0.6666666666666666,0.0,0.2442315121721745
tous,Tous,False,UNKNOWN,1,2,7,5,5,0.7272727272727273,0.0,0.2928968226949407
le-choeur,Le Choeur,False,UNKNOWN,1,1,47,5,5,0.7272727272727273,0.0,0.2928968226949407
