id,name,isGroup,gender,numOfScenes,numOfSpeechActs,numOfWords,degree,weightedDegree,closeness,betweenness,eigenvector
merlin,Merlin,False,UNKNOWN,9,57,1759,6,16,0.8,0.0,0.31713770800053337
le-chevalier,Le Chevalier,False,UNKNOWN,4,15,301,7,18,0.8888888888888888,0.005952380952380952,0.3575307896901145
angelique,Angélique,False,FEMALE,6,35,380,7,24,0.8888888888888888,0.005952380952380952,0.3575307896901145
le-marquis,Le Marquis,False,UNKNOWN,5,32,464,7,21,0.8888888888888888,0.005952380952380952,0.3575307896901145
le-comte,Le Comte,False,UNKNOWN,5,34,516,7,21,0.8888888888888888,0.005952380952380952,0.3575307896901145
monsieur-philidor,Monsieur Philidor,False,MALE,9,94,1393,8,29,1.0,0.11309523809523808,0.3713378821091992
madame-philidor,Madame Philidor,False,FEMALE,9,63,823,8,29,1.0,0.11309523809523808,0.3713378821091992
tous-trois-ensemble,Tous Trois Ensemble,False,UNKNOWN,1,1,4,6,6,0.8,0.0,0.31713770800053337
la-ronce,La Ronce,False,MALE,1,1,10,2,2,0.5714285714285714,0.0,0.10840037197306311
