id,name,isGroup,gender,numOfScenes,numOfSpeechActs,numOfWords,degree,weightedDegree,closeness,betweenness,eigenvector
baron,Baron,False,UNKNOWN,7,43,576,5,15,1.0,0.06666666666666667,0.44762077312141496
armande,Armande,False,FEMALE,8,71,1252,5,17,1.0,0.06666666666666667,0.44762077312141496
moliere,Molière,False,MALE,6,83,1237,5,14,1.0,0.06666666666666667,0.44762077312141496
le-valet,Le Valet,False,UNKNOWN,1,2,4,4,4,0.8333333333333334,0.0,0.39174684138317695
deuxieme-valet,Deuxième Valet,False,MALE,1,1,13,4,4,0.8333333333333334,0.0,0.39174684138317695
corneille,Corneille,False,UNKNOWN,6,60,1393,3,10,0.7142857142857143,0.0,0.30327504833594265
