id,name,isGroup,gender,numOfScenes,numOfSpeechActs,numOfWords,degree,weightedDegree,closeness,betweenness,eigenvector
iarbe,Iarbe,False,MALE,5,19,1980,3,5,0.6363636363636364,0.2857142857142857,0.2824240717335259
madherbal,Madherbal,False,MALE,8,22,2174,6,12,0.875,0.40476190476190477,0.5269118801461852
didon,Didon,False,FEMALE,16,56,4617,5,20,0.7777777777777778,0.19047619047619047,0.48108134458037377
elise,Elise,False,FEMALE,7,13,509,3,11,0.5833333333333334,0.0,0.35615956070877147
barce,Barcé,False,FEMALE,4,6,188,3,7,0.5833333333333334,0.0,0.35615956070877147
enee,Enée,False,MALE,8,34,2777,3,8,0.5833333333333334,0.023809523809523808,0.3209682221233502
achate,Achate,False,MALE,4,15,875,2,4,0.5384615384615384,0.0,0.2213689716921752
zama,Zama,False,MALE,1,2,44,1,1,0.4117647058823529,0.0,0.07373715178526039
