id,name,isGroup,gender,numOfScenes,numOfSpeechActs,numOfWords,degree,weightedDegree,closeness,betweenness,eigenvector
oronte,Oronte,False,MALE,3,17,1117,3,5,0.6153846153846154,0.0,0.2979466511908264
agamemnon,Agamemnon,False,MALE,14,62,3284,7,17,0.8888888888888888,0.3214285714285714,0.4868736179302242
menelas,Ménélas,False,MALE,5,18,1005,2,4,0.5333333333333333,0.0,0.18271891297860848
ulysse,Ulysse,False,MALE,3,11,943,4,4,0.6666666666666666,0.05357142857142857,0.338401679980966
achille,Achille,False,MALE,6,36,1877,5,6,0.7272727272727273,0.03571428571428571,0.4206305202372094
clytemnestre,Clytemnestre,False,FEMALE,12,53,1980,6,17,0.8,0.28571428571428564,0.4382176201349863
iphigenie,Iphigénie,False,FEMALE,8,32,1481,4,11,0.6666666666666666,0.05357142857142857,0.338401679980966
phenice,Phénice,False,FEMALE,1,2,6,1,1,0.47058823529411764,0.0,0.09702247011832248
clytie,Clytie,False,FEMALE,2,5,62,2,3,0.5333333333333333,0.0,0.18271891297860848
