id,name,isGroup,gender,numOfScenes,numOfSpeechActs,numOfWords,degree,weightedDegree,closeness,betweenness,eigenvector
idamante,Idamante,False,MALE,16,63,2841,4,18,0.8333333333333334,0.03333333333333333,0.46790106395473496
nausicrate,Nausicrate,False,MALE,6,10,739,3,8,0.7142857142857143,0.0,0.38596343658615134
erigone,Erigone,False,FEMALE,12,48,2506,4,16,0.8333333333333334,0.03333333333333333,0.46790106395473496
sophronime,Sophronime,False,MALE,6,15,1041,3,11,0.7142857142857143,0.0,0.38596343658615134
idomenee,Idoménée,False,MALE,13,64,2417,5,14,1.0,0.43333333333333335,0.4962970306070293
le-grand-pretre,Le Grand Prêtre,False,MALE,1,4,494,1,1,0.5555555555555556,0.0,0.13375685906866844
