id,name,isGroup,gender,numOfScenes,numOfSpeechActs,numOfWords,degree,weightedDegree,closeness,betweenness,eigenvector
valere,Valère,False,MALE,7,59,928,7,18,1.0,0.01904761904761905,0.37273098310096925
crispin,Crispin,False,MALE,10,117,1760,6,20,0.875,0.0,0.33515793569253693
la-branche,La Branche,False,MALE,11,121,2477,7,22,1.0,0.01904761904761905,0.37273098310096925
angelique,Angélique,False,FEMALE,5,17,176,5,9,0.7777777777777778,0.0,0.28407109579744205
lisette,Lisette,False,FEMALE,14,61,1012,7,28,1.0,0.01904761904761905,0.37273098310096925
madame-oronte,Madame Oronte,False,FEMALE,9,31,443,7,26,1.0,0.01904761904761905,0.37273098310096925
monsieur-oronte,Monsieur Oronte,False,MALE,10,78,1439,7,26,1.0,0.01904761904761905,0.37273098310096925
monsieur-orgon,Monsieur Orgon,False,MALE,3,25,330,6,11,0.875,0.0,0.33515793569253693
