id,name,isGroup,gender,numOfScenes,numOfSpeechActs,numOfWords,degree,weightedDegree,closeness,betweenness,eigenvector
pheres,Pherès,False,MALE,5,12,942,3,7,0.6363636363636364,0.0,0.37650189154980596
alzaïde,Alzaïde,False,FEMALE,17,77,3533,5,17,0.7777777777777778,0.3333333333333333,0.4766380888209492
ezire,Ezire,False,FEMALE,3,13,434,1,3,0.4666666666666667,0.0,0.12971279560225155
amenophis,Aménophis,False,MALE,14,66,2353,6,18,0.875,0.47619047619047616,0.5303397537706003
menos,Menos,False,MALE,1,3,378,2,2,0.5384615384615384,0.0,0.2364151025693446
nisus,Nisus,False,MALE,3,4,254,3,5,0.6363636363636364,0.047619047619047616,0.3383793042203824
osiris,Osiris,False,MALE,1,1,25,1,1,0.5,0.0,0.14432763278039623
zaraes,Zaraes,False,MALE,5,37,1903,3,7,0.6363636363636364,0.0,0.37650189154980596
