id,name,isGroup,gender,numOfScenes,numOfSpeechActs,numOfWords,degree,weightedDegree,closeness,betweenness,eigenvector
roxane,Roxane,False,FEMALE,29,169,6429,8,36,1.0,0.22916666666666663,0.42853457776306436
hezionne,Hezionne,False,UNKNOWN,12,29,607,5,16,0.7272727272727273,0.05357142857142857,0.28771227560590634
arbate,Arbate,False,MALE,7,28,857,5,12,0.7272727272727273,0.008928571428571428,0.3236921721498043
perdicas,Perdicas,False,MALE,6,57,1239,6,11,0.8,0.029761904761904757,0.36759745811846717
seleucus,Seleucus,False,MALE,3,26,523,5,7,0.7272727272727273,0.008928571428571428,0.3197249636724098
cassander,Cassander,False,UNKNOWN,6,26,997,4,8,0.6666666666666666,0.0,0.2648592476592899
oroondate,Oroondate,False,MALE,13,110,3533,7,21,0.8888888888888888,0.06845238095238095,0.4101488287216313
statira,Statira,False,FEMALE,7,75,1760,6,15,0.8,0.029761904761904757,0.3709776852377472
le-garde,Le Garde,False,UNKNOWN,1,1,19,2,2,0.5714285714285714,0.0,0.12431520618506177
