id,name,isGroup,gender,numOfScenes,numOfSpeechActs,numOfWords,degree,weightedDegree,closeness,betweenness,eigenvector
la-catanoise,"La Catanoise,",False,FEMALE,8,20,722,4,16,0.6666666666666666,0.0,0.27767356639774804
le-senechal,Le Senechal,False,UNKNOWN,18,67,2090,7,40,0.8888888888888888,0.09226190476190474,0.42169902135606335
la-reine,La Reine,False,UNKNOWN,19,70,2797,6,37,0.8,0.047619047619047616,0.3795872029576885
le-comte,Le Comte,False,UNKNOWN,16,66,2708,8,39,1.0,0.25297619047619047,0.44205081565716675
le-roi,Le Roi,False,MALE,8,55,2750,5,17,0.7272727272727273,0.05357142857142857,0.29802536069885144
un-garde,Un Garde,False,UNKNOWN,1,1,3,2,2,0.5714285714285714,0.0,0.1333235719990229
le-roi-d-hongrie,Le Roi d'Hongrie,False,MALE,8,41,1629,5,22,0.7272727272727273,0.008928571428571428,0.33381905646479726
le-roi-de-naples,Le Roi de Naples,False,UNKNOWN,5,13,286,5,17,0.7272727272727273,0.008928571428571428,0.33381905646479715
le-capitaine-des-gardes,Le Capitaine des Gardes,False,UNKNOWN,2,3,207,4,8,0.6666666666666666,0.0,0.27587559198039285
