id,name,isGroup,gender,numOfScenes,numOfSpeechActs,numOfWords,degree,weightedDegree,closeness,betweenness,eigenvector
artaxerxe,Artaxerxe,False,MALE,11,75,3447,6,32,1.0,0.013333333333333334,0.3917297923670649
amestris,Amestris,False,FEMALE,10,25,1443,6,29,1.0,0.013333333333333334,0.3917297923670649
aspasie,Aspasie,False,FEMALE,9,38,1680,6,27,1.0,0.013333333333333334,0.3917297923670649
tiribaze,Tiribaze,False,MALE,11,49,2636,5,16,0.8571428571428571,0.0,0.3411296299504641
darie,Darie,False,MALE,17,86,3717,6,34,1.0,0.013333333333333334,0.39172979236706496
ochus,Ochus,False,MALE,13,54,2547,6,33,1.0,0.013333333333333334,0.3917297923670649
tissapherne,Tissapherne,False,MALE,2,4,420,5,7,0.8571428571428571,0.0,0.3411296299504641
