id,name,isGroup,gender,numOfScenes,numOfSpeechActs,numOfWords,degree,weightedDegree,closeness,betweenness,eigenvector
arache,Arache,False,MALE,14,89,2434,6,31,1.0,0.08333333333333333,0.43179336132043705
amalazie,Amalazie,False,FEMALE,13,74,2205,6,29,1.0,0.08333333333333333,0.43179336132043705
un-garde,Un Garde,False,UNKNOWN,3,3,38,3,6,0.6666666666666666,0.0,0.2568394825029203
josaphat,Josaphat,False,MALE,15,119,3499,5,25,0.8571428571428571,0.016666666666666666,0.389295161719132
abenner,Abenner,False,MALE,13,107,2594,6,25,1.0,0.08333333333333333,0.43179336132043705
barlaam,Barlaam,False,MALE,4,32,1776,4,7,0.75,0.0,0.3340256252508949
nacor,Nacor,False,MALE,2,25,1098,4,5,0.75,0.0,0.3340256252508949
