id,name,isGroup,gender,numOfScenes,numOfSpeechActs,numOfWords,degree,weightedDegree,closeness,betweenness,eigenvector
theodose,Théodose,False,MALE,19,94,5184,5,35,0.8571428571428571,0.0,0.35945275802189197
paulin,Paulin,False,MALE,10,35,1177,5,24,0.8571428571428571,0.0,0.35945275802189197
pulcherie,Pulchérie,False,FEMALE,13,101,3894,6,33,1.0,0.03333333333333333,0.4046820920252955
phocas,Phocas,False,MALE,4,9,130,6,9,1.0,0.03333333333333333,0.4046820920252955
valere,Valère,False,MALE,1,8,256,4,4,0.75,0.0,0.2941378028697288
athenaïs,Athénaïs,False,FEMALE,11,54,3382,6,26,1.0,0.03333333333333333,0.4046820920252955
tegnis,Tegnis,False,FEMALE,16,44,1608,6,35,1.0,0.03333333333333333,0.4046820920252955
