id,name,isGroup,gender,numOfScenes,numOfSpeechActs,numOfWords,degree,weightedDegree,closeness,betweenness,eigenvector
periandre,Périandre,False,MALE,15,110,3355,6,29,0.8,0.03571428571428571,0.39134726260858393
dorinde,Dorinde,False,FEMALE,14,125,2244,7,27,0.8888888888888888,0.14285714285714285,0.4134335938427402
hylas,Hylas,False,MALE,18,223,7357,7,34,0.8888888888888888,0.14285714285714285,0.41343359384274014
florice,Florice,False,FEMALE,8,38,1049,5,13,0.7272727272727273,0.25,0.2946993456199709
alcandre,Alcandre,False,MALE,2,4,306,1,2,0.4444444444444444,0.0,0.0522610918240175
le-page,Le Page,False,UNKNOWN,1,2,24,2,2,0.5333333333333333,0.0,0.14663220908134153
stelle,Stelle,False,MALE,7,62,705,6,21,0.8,0.03571428571428571,0.39134726260858393
corylas,Corylas,False,MALE,5,59,811,5,15,0.6666666666666666,0.0,0.34695823689209093
adamas,Adamas,False,MALE,2,13,466,5,5,0.6666666666666666,0.0,0.34695823689209093
