id,name,isGroup,gender,numOfScenes,numOfSpeechActs,numOfWords,degree,weightedDegree,closeness,betweenness,eigenvector
egine,Egine,False,FEMALE,2,6,82,1,2,0.4375,0.0,0.14489219607976803
laodice,Laodice,False,FEMALE,11,35,2844,4,11,0.7,0.2857142857142857,0.4785459763859498
annibal,Annibal,False,MALE,14,38,4363,4,16,0.7,0.2857142857142857,0.4785459763859498
prusias,Prusias,False,MALE,12,33,1761,4,15,0.7,0.2857142857142857,0.4785459763859498
amilcar,Amilcar,False,MALE,1,2,178,1,1,0.4375,0.0,0.14489219607976803
flavius,Flavius,False,MALE,1,4,136,1,1,0.4375,0.0,0.14489219607976803
flaminius,Flaminius,False,MALE,17,52,4356,4,14,0.7,0.2857142857142857,0.4785459763859498
hieron,Hiéron,False,MALE,2,6,236,1,2,0.4375,0.0,0.14489219607976803
