id,name,isGroup,gender,numOfScenes,numOfSpeechActs,numOfWords,degree,weightedDegree,closeness,betweenness,eigenvector
lucile,Lucile,False,FEMALE,27,166,6851,7,42,1.0,0.06349206349206349,0.3858821686566591
lisette,Lisette,False,FEMALE,21,150,3496,7,36,1.0,0.06349206349206349,0.3858821686566591
le-valet,Le Valet,False,UNKNOWN,1,1,9,3,3,0.6363636363636364,0.0,0.1862639938129542
frontin,Frontin,False,MALE,16,97,2022,7,26,1.0,0.06349206349206349,0.3858821686566591
damis,Damis,False,MALE,21,152,3982,6,37,0.875,0.0,0.3600661676509434
orgon,Orgon,False,UNKNOWN,10,47,1511,6,24,0.875,0.0,0.3600661676509434
phenice,Phénice,False,FEMALE,12,76,1615,6,21,0.875,0.0,0.3600661676509434
ergaste,Ergaste,False,UNKNOWN,6,29,672,6,15,0.875,0.0,0.3600661676509434
