id,name,isGroup,gender,numOfScenes,numOfSpeechActs,numOfWords,degree,weightedDegree,closeness,betweenness,eigenvector
cupidon,Cupidon,False,MALE,10,59,2469,6,18,0.875,0.15079365079365079,0.46038293946039177
l-amour,L'Amour,False,MALE,3,26,742,4,7,0.7,0.015873015873015872,0.36028301371014504
mercure,Mercure,False,MALE,10,47,770,7,20,1.0,0.3412698412698412,0.4941387930496071
plutus,Plutus,False,MALE,1,6,204,2,2,0.5833333333333334,0.0,0.21283258454661436
apollon,Apollon,False,MALE,6,32,603,4,11,0.7,0.047619047619047616,0.33619848093587024
la-verite,La Vérité,False,FEMALE,1,16,722,2,2,0.5833333333333334,0.0,0.185143753662293
minerve,Minerve,False,MALE,4,11,413,4,7,0.7,0.015873015873015872,0.3681293796080645
la-vertu,La Vertu,False,FEMALE,1,10,121,3,3,0.6363636363636364,0.0,0.2931654396583291
