id,name,isGroup,gender,numOfScenes,numOfSpeechActs,numOfWords,degree,weightedDegree,closeness,betweenness,eigenvector
ransomet,Ransomet,False,MALE,11,82,2596,5,14,0.8571428571428571,0.18888888888888886,0.45460643289729125
hughes,Hughes,False,UNKNOWN,6,20,462,5,9,0.8571428571428571,0.1111111111111111,0.4710690088562809
hugues,Hugues,False,MALE,3,11,157,3,4,0.6666666666666666,0.02222222222222222,0.31030050007360405
julienne,Julienne,False,FEMALE,2,29,606,3,3,0.6666666666666666,0.02222222222222222,0.31030050007360405
antonine,Antonine,False,FEMALE,6,43,1066,5,9,0.8571428571428571,0.18888888888888886,0.45460643289729125
drake,Drake,False,FEMALE,2,4,33,3,4,0.6666666666666666,0.0,0.34652923239500416
davis,Davis,False,MALE,2,30,704,2,3,0.6,0.0,0.2282644554805552
