id,name,isGroup,gender,numOfScenes,numOfSpeechActs,numOfWords,degree,weightedDegree,closeness,betweenness,eigenvector
le-cadet,Le Cadet,False,UNKNOWN,7,32,1413,5,10,1.0,0.5,0.5289783296824401
l-aine,L Aine,False,UNKNOWN,3,15,318,2,4,0.625,0.0,0.30045867781763824
dubois,Dubois,False,MALE,8,18,485,4,10,0.8333333333333334,0.1,0.49368600865157986
monsieur-farnoze,Monsieur Farnoze,False,UNKNOWN,3,3,106,3,6,0.7142857142857143,0.0,0.42545682301691307
contois,Contois,False,MALE,3,11,224,3,5,0.7142857142857143,0.0,0.42545682301691307
l-aisne,L Aisne,False,UNKNOWN,1,9,246,1,1,0.5555555555555556,0.0,0.15541434299586013
