id,name,isGroup,gender,numOfScenes,numOfSpeechActs,numOfWords,degree,weightedDegree,closeness,betweenness,eigenvector
george-dandin,George Dandin,False,MALE,18,171,3475,7,32,1.0,0.30952380952380953,0.4129888006434604
lubin,Lubin,False,MALE,8,81,1402,4,14,0.7,0.0,0.2923389789541327
monsieur-de-sotenville,Monsieur de Sotenville,False,MALE,6,79,1321,5,20,0.7777777777777778,0.0,0.35682158253340235
madame-de-sotenville,Madame de Sotenville,False,FEMALE,5,33,680,5,18,0.7777777777777778,0.0,0.35682158253340235
clitandre,Clitandre,False,MALE,8,56,838,6,24,0.875,0.023809523809523808,0.4015655827309742
angelique,Angélique,False,FEMALE,8,77,2288,6,26,0.875,0.023809523809523808,0.4015655827309742
claudine,Claudine,False,FEMALE,9,70,928,6,27,0.875,0.023809523809523808,0.4015655827309742
colin,Colin,False,MALE,1,11,27,1,1,0.5384615384615384,0.0,0.0746333484552794
