id,name,isGroup,gender,numOfScenes,numOfSpeechActs,numOfWords,degree,weightedDegree,closeness,betweenness,eigenvector
celie,Célie,False,FEMALE,9,38,697,5,14,0.7272727272727273,0.023809523809523808,0.3976484905318995
gorgibus,Gorgibus,False,MALE,4,10,755,4,7,0.6666666666666666,0.011904761904761904,0.3243520455563676
la-suivante,La Suivante,False,UNKNOWN,4,15,453,4,7,0.6666666666666666,0.0,0.34209428788995355
sganarelle,Sganarelle,False,MALE,13,65,2269,7,18,0.8888888888888888,0.32142857142857134,0.4577409396505867
la-femme-sganarelle,La Femme Sganarelle,False,UNKNOWN,6,21,635,4,9,0.6666666666666666,0.0,0.34209428788995355
gros-rene,Gros-René,False,MALE,1,7,263,1,1,0.5,0.0,0.09460401495236295
lelie,Lélie,False,MALE,12,47,755,7,18,0.8888888888888888,0.32142857142857134,0.4577409396505867
le-parent,Le Parent,False,UNKNOWN,1,2,107,1,1,0.5,0.0,0.09460401495236295
villebrequin,Villebrequin,False,MALE,1,2,68,3,3,0.6153846153846154,0.0,0.2562441217913399
