id,name,isGroup,gender,numOfScenes,numOfSpeechActs,numOfWords,degree,weightedDegree,closeness,betweenness,eigenvector
uranie,Uranie,False,FEMALE,7,87,1754,6,20,1.0,0.013333333333333334,0.39172979236706496
elise,Elise,False,FEMALE,6,54,1361,6,18,1.0,0.013333333333333334,0.39172979236706496
galopin,Galopin,False,MALE,3,14,129,5,8,0.8571428571428571,0.0,0.3411296299504641
climene,Climène,False,FEMALE,4,60,976,6,15,1.0,0.013333333333333334,0.3917297923670649
le-marquis,Le Marquis,False,MALE,3,57,686,6,13,1.0,0.013333333333333334,0.3917297923670649
dorante,Dorante,False,MALE,3,62,2885,6,11,1.0,0.013333333333333334,0.3917297923670649
lysidas,Lysidas,False,MALE,1,29,714,5,5,0.8571428571428571,0.0,0.3411296299504641
