id,name,isGroup,gender,numOfScenes,numOfSpeechActs,numOfWords,degree,weightedDegree,closeness,betweenness,eigenvector
le-barbouille,Le Barbouillé,False,FEMALE,8,39,1066,6,16,0.875,0.123015873015873,0.4331669902127109
le-docteur,Le Docteur,False,MALE,3,35,1396,4,7,0.6363636363636364,0.0,0.32755963589848314
angelique,Angélique,False,FEMALE,8,24,579,6,17,0.875,0.123015873015873,0.4331669902127109
valere,Valère,False,MALE,3,4,120,4,6,0.7,0.2857142857142857,0.257819142367155
cathau,Cathau,False,FEMALE,3,4,41,5,9,0.7777777777777778,0.06349206349206349,0.3788319114565047
gorgibus,Gorgibus,False,MALE,4,20,170,5,13,0.7,0.011904761904761904,0.3903999414343188
villebrequin,Villebrequin,False,MALE,4,10,68,5,13,0.7,0.011904761904761904,0.3903999414343188
la-vallee,La Vallée,False,MALE,1,1,41,1,1,0.4375,0.0,0.05127227572102068
