id,name,isGroup,gender,numOfScenes,numOfSpeechActs,numOfWords,degree,weightedDegree,closeness,betweenness,eigenvector
le-chevalier,Le Chevalier,False,UNKNOWN,8,46,728,7,14,0.8888888888888888,0.0,0.35228833815081434
julie,Julie,False,FEMALE,9,41,1316,7,14,0.8888888888888888,0.0,0.35228833815081434
le-marquis,Le Marquis,False,UNKNOWN,10,56,2113,8,13,1.0,0.25,0.3586623591477095
le-domestique,Le Domestique,False,UNKNOWN,1,1,1,1,1,0.5333333333333333,0.0,0.051105770233524195
martin,Martin,False,MALE,3,10,158,7,9,0.8888888888888888,0.0,0.35228833815081434
le-baron,Le Baron,False,UNKNOWN,6,39,793,7,12,0.8888888888888888,0.0,0.35228833815081434
la-comtesse,La Comtesse,False,UNKNOWN,13,44,1623,7,17,0.8888888888888888,0.0,0.35228833815081434
choeur,Choeur,False,UNKNOWN,1,3,23,7,7,0.8888888888888888,0.0,0.35228833815081434
tous-quatre-ensemble,Tous Quatre Ensemble,False,UNKNOWN,1,1,9,7,7,0.8888888888888888,0.0,0.35228833815081434
