id,name,isGroup,gender,numOfScenes,numOfSpeechActs,numOfWords,degree,weightedDegree,closeness,betweenness,eigenvector
ulysse,Ulysse,False,MALE,8,71,1684,5,6,1.0,1,0.7071064011232682
circe,Circé,False,FEMALE,2,14,337,1,2,0.5555555555555556,0,0.3162279359862123
le-docteur,Le Docteur,False,UNKNOWN,1,13,497,1,1,0.5555555555555556,0,0.3162279359862123
philipin,Philipin,False,MALE,1,18,475,1,1,0.5555555555555556,0,0.3162279359862123
cephise,Céphise,False,FEMALE,1,13,323,1,1,0.5555555555555556,0,0.3162279359862123
dipus,Dipus,False,MALE,1,13,382,1,1,0.5555555555555556,0,0.3162279359862123
