id,name,isGroup,gender,numOfScenes,numOfSpeechActs,numOfWords,degree,weightedDegree,closeness,betweenness,eigenvector
natalie,Natalie,False,FEMALE,16,70,4960,8,23,1.0,0.42857142857142855,0.43590697861903366
theodore,Théodore,False,FEMALE,7,35,1532,4,12,0.6666666666666666,0.03571428571428571,0.25307854572382865
fauste,Fauste,False,MALE,5,16,897,2,7,0.5714285714285714,0.0,0.12725802745975487
adrian,Adrian,False,MALE,5,36,1560,6,15,0.8,0.035714285714285705,0.4035137921594033
apollinaire,Apollinaire,False,MALE,6,28,1236,6,19,0.8,0.035714285714285705,0.4035137921594033
martian,Martian,False,MALE,9,17,2180,5,20,0.7272727272727273,0.0,0.3640570445478876
maximian,Maximian,False,MALE,7,51,2312,5,19,0.7272727272727273,0.0,0.3640570445478876
placide,Placide,False,MALE,3,3,68,5,12,0.7272727272727273,0.0,0.3640570445478876
saint-adrian,Saint Adrian,False,UNKNOWN,1,1,98,1,1,0.5333333333333333,0.0,0.08051331661307651
