id,name,isGroup,gender,numOfScenes,numOfSpeechActs,numOfWords,degree,weightedDegree,closeness,betweenness,eigenvector
gremio,Grémio,False,MALE,8,43,924,7,11,0.8888888888888888,0.014285714285714285,0.3506021149442987
cordiani,Cordiani,False,MALE,9,49,1216,7,16,0.8888888888888888,0.014285714285714285,0.3506021149442987
damien,Damien,False,MALE,7,44,670,8,22,1.0,0.05595238095238094,0.3771058175591244
cesario,Césario,False,MALE,7,17,362,6,16,0.8,0.0,0.31274674800856767
lionel,Lionel,False,MALE,11,48,641,8,27,1.0,0.05595238095238094,0.3771058175591244
andre,André Del Sarto,False,MALE,17,122,4284,8,30,1.0,0.05595238095238094,0.3771058175591244
mathurin,Mathurin,False,MALE,4,8,53,6,11,0.8,0.0,0.31274674800856767
lucrece,Lucrèce,False,FEMALE,6,30,462,6,10,0.8,0.017857142857142856,0.2975209906774405
spinette,Spinette,False,FEMALE,2,11,141,4,5,0.6666666666666666,0.0,0.20830296303415385
