id,name,isGroup,gender,numOfScenes,numOfSpeechActs,numOfWords,degree,weightedDegree,closeness,betweenness,eigenvector
calabre,Calabre,False,MALE,14,128,1708,5,24,0.8571428571428571,0.04444444444444444,0.4261058845801074
le-notaire,Le Notaire,False,MALE,5,25,348,5,10,0.8571428571428571,0.04444444444444444,0.4261058845801074
le-domestique,Le Domestique,False,UNKNOWN,3,8,88,4,6,0.75,0.0,0.3749614580993719
steinberg,Steinberg,False,UNKNOWN,9,104,2711,5,14,0.8571428571428571,0.1,0.40882462511392587
bettine,Bettine,False,FEMALE,11,197,4369,6,19,1.0,0.2111111111111111,0.4599690515946614
le-marquis,Le Marquis,False,UNKNOWN,4,114,3023,3,7,0.6666666666666666,0.0,0.28588904399782855
ensemble,Ensemble,False,UNKNOWN,1,1,30,2,2,0.6,0.0,0.18928763084252168
