id,name,isGroup,gender,numOfScenes,numOfSpeechActs,numOfWords,degree,weightedDegree,closeness,betweenness,eigenvector
le-choeur,Le Choeur,False,UNKNOWN,4,20,918,6,10,0.8,0.0,0.2835306383846108
maitre-blazius,Maître Blazius,False,MALE,7,43,1231,8,20,1.0,0.019047619047619046,0.3555519171189878
dame-pluche,Dame Pluche,False,FEMALE,7,24,443,8,24,1.0,0.019047619047619046,0.3555519171189878
le-baron,Le Baron,False,MALE,7,68,1846,7,18,0.8888888888888888,0.005952380952380952,0.321818990551748
maitre-bridaine,Maître Bridaine,False,MALE,5,34,778,7,13,0.8888888888888888,0.005952380952380952,0.321818990551748
perdican,Perdican,False,MALE,12,144,4592,8,33,1.0,0.019047619047619046,0.3555519171189878
camille,Camille,False,FEMALE,9,128,3770,8,25,1.0,0.019047619047619046,0.3555519171189878
rosette,Rosette,False,FEMALE,6,25,364,8,17,1.0,0.019047619047619046,0.3555519171189878
le-paysan,Le Paysan,False,UNKNOWN,2,6,75,6,8,0.8,0.0,0.2835306383846108
