id,name,isGroup,gender,numOfScenes,numOfSpeechActs,numOfWords,degree,weightedDegree,closeness,betweenness,eigenvector
achas,Achas,False,MALE,3,8,600,4,5,0.6666666666666666,0.0,0.3193930893540891
jonathas,Jonathas,False,MALE,12,37,2104,7,14,0.8888888888888888,0.15178571428571427,0.4374836396041031
michol,Michol,False,FEMALE,21,49,2615,7,30,0.8888888888888888,0.29464285714285715,0.4236137707496106
saül,Saül,False,MALE,21,78,3971,7,27,0.8888888888888888,0.15178571428571427,0.4374836396041031
asser,Asser,False,MALE,9,27,1247,4,14,0.6666666666666666,0.0,0.3193930893540891
elise,Elise,False,FEMALE,3,5,239,1,3,0.5,0.0,0.08105335076509135
david,David,False,MALE,9,30,1830,5,13,0.7272727272727273,0.008928571428571428,0.3706899642498539
la-pythonisse,La Pythonisse,False,UNKNOWN,2,8,832,2,3,0.5333333333333333,0.0,0.167413348217999
l-israelite,L Israelite,False,UNKNOWN,2,3,83,3,3,0.6153846153846154,0.0,0.24846667363476438
