id,name,isGroup,gender,numOfScenes,numOfSpeechActs,numOfWords,degree,weightedDegree,closeness,betweenness,eigenvector
manicamp,Manicamp,False,MALE,1,5,183,1,1,0.5714285714285714,0.0,0.21691733875073668
racine,Racine,False,MALE,9,40,1689,4,8,1.0,0.5833333333333333,0.5825392535755106
laure,Laure,False,UNKNOWN,3,24,328,2,4,0.6666666666666666,0.0,0.4119170973700677
madame-de-maintenon,Madame de Maintenon,False,FEMALE,3,14,357,3,5,0.8,0.08333333333333333,0.5236826290621273
le-roi,Le Roi,False,UNKNOWN,1,4,103,2,2,0.6666666666666666,0.0,0.4119170973700677
