id,name,isGroup,gender,numOfScenes,numOfSpeechActs,numOfWords,degree,weightedDegree,closeness,betweenness,eigenvector
juliette,Juliette,False,FEMALE,18,100,1775,5,20,0.8571428571428571,0.1,0.382023673322849
angelique,Angélique,False,FEMALE,18,216,2965,6,28,1.0,0.18333333333333332,0.4414301163985043
le-president,Le President,False,UNKNOWN,8,88,2506,4,14,0.75,0.0,0.3468510903328407
la-baronne,Une Baronne,False,FEMALE,8,41,778,5,12,0.8571428571428571,0.016666666666666666,0.41228183077728303
sainville,Sainville,False,MALE,17,162,3771,5,26,0.8571428571428571,0.016666666666666666,0.41228183077728303
la-gouvernante,Une Gouvernante,False,FEMALE,12,136,3275,5,19,0.8571428571428571,0.016666666666666666,0.41228183077728303
le-laquais,Le Laquais,False,UNKNOWN,2,3,14,2,3,0.6,0.0,0.1701844955483157
