id,name,isGroup,gender,numOfScenes,numOfSpeechActs,numOfWords,degree,weightedDegree,closeness,betweenness,eigenvector
odmar,Odmar,False,MALE,6,13,501,2,6,0.5,0.0,0.28313633759528006
bajazet,Bajazet,False,UNKNOWN,11,40,1833,4,13,0.75,0.13333333333333333,0.4871610011426648
tamerlan,Tamerlan,False,MALE,13,51,3023,4,14,0.75,0.13333333333333333,0.4871610011426649
asterie,Astérie,False,FEMALE,14,57,2729,4,16,0.75,0.3333333333333333,0.4530534674529187
zaïde,Zaïde,False,FEMALE,4,18,473,1,4,0.46153846153846156,0.0,0.13165721309950895
andronic,Andronic,False,MALE,8,33,2224,4,7,0.75,0.3333333333333333,0.4530534674529187
arcas,Arcas,False,MALE,2,11,447,1,2,0.46153846153846156,0.0,0.13165721309950895
