id,name,isGroup,gender,numOfScenes,numOfSpeechActs,numOfWords,degree,weightedDegree,closeness,betweenness,eigenvector
marton,Marton,False,FEMALE,8,50,1793,6,19,1.0,0.013333333333333334,0.3917297923670649
julie,Julie,False,FEMALE,7,30,298,6,17,1.0,0.013333333333333334,0.3917297923670649
damis,Damis,False,MALE,6,59,1510,6,15,1.0,0.013333333333333334,0.3917297923670649
crispin,Crispin,False,MALE,6,55,763,5,10,0.8571428571428571,0.0,0.34112962995046403
bavardin,Bavardin,False,MALE,3,17,329,5,11,0.8571428571428571,0.0,0.34112962995046403
orgon,Orgon,False,MALE,4,46,867,6,13,1.0,0.013333333333333334,0.3917297923670649
geronte,Géronte,False,MALE,6,50,903,6,15,1.0,0.013333333333333334,0.3917297923670649
