id,name,isGroup,gender,numOfScenes,numOfSpeechActs,numOfWords,degree,weightedDegree,closeness,betweenness,eigenvector
lisette,Lisette,False,FEMALE,11,66,1086,5,14,0.7777777777777778,0.11904761904761904,0.36983861740891716
dubois,Dubois,False,MALE,2,16,289,2,3,0.5,0.0,0.15021723680650373
sophie,Sophie,False,UNKNOWN,4,48,877,5,9,0.7777777777777778,0.11904761904761904,0.3698386174089171
luville,Luville,False,UNKNOWN,19,141,1766,6,29,0.875,0.11111111111111109,0.43368426998795295
andre,André,False,MALE,6,30,305,3,11,0.5833333333333334,0.0,0.2642228584049732
delval,Delval,False,UNKNOWN,14,165,1459,6,26,0.875,0.11111111111111109,0.43368426998795295
la-comtesse,La Comtesse,False,UNKNOWN,11,120,1197,6,19,0.875,0.11111111111111109,0.43368426998795295
le-notaire,Le Notaire,False,UNKNOWN,2,3,63,3,5,0.5833333333333334,0.0,0.2642228584049732
