id,name,isGroup,gender,numOfScenes,numOfSpeechActs,numOfWords,degree,weightedDegree,closeness,betweenness,eigenvector
madeleine-bejart,Madeleine Bejart,False,UNKNOWN,4,17,984,3,3,0.6363636363636364,0.06349206349206349,0.2614664349734363
lagrange,Lagrange,False,MALE,8,23,1555,6,9,0.875,0.2539682539682539,0.48586797420263433
mademoiselle-brecour,Mademoiselle Brécour,False,FEMALE,4,12,577,5,7,0.7777777777777778,0.07936507936507935,0.4464393498899017
lesbin,Lesbin,False,MALE,6,24,536,4,6,0.7,0.06349206349206349,0.37309962266631863
pirlon,Pirlon,False,MALE,3,12,705,2,2,0.5384615384615384,0.0,0.2047999236840945
moliere,Molière,False,MALE,10,36,2295,5,9,0.7777777777777778,0.19047619047619044,0.4277373499277923
monsieur-de-saint-firmin,Monsieur de Saint Firmin,False,MALE,2,9,427,3,4,0.6363636363636364,0.0,0.3242703725823803
le-marquis,Le Marquis,False,MALE,2,14,1044,2,2,0.5384615384615384,0.015873015873015872,0.16432489057858857
