id,name,isGroup,gender,numOfScenes,numOfSpeechActs,numOfWords,degree,weightedDegree,closeness,betweenness,eigenvector
louisette,Louisette,False,FEMALE,8,29,551,7,20,0.8888888888888888,0.0,0.35228833815081434
jean,Jean,False,MALE,5,22,317,7,19,0.8888888888888888,0.0,0.35228833815081434
moliere,Molière,False,MALE,7,49,1269,7,21,0.8888888888888888,0.0,0.35228833815081434
madeleine,Madeleine,False,UNKNOWN,4,15,225,7,18,0.8888888888888888,0.0,0.35228833815081434
le-bailli,Le Bailli,False,MALE,3,20,304,8,9,1.0,0.25,0.35866235914770955
le-paysan,Le Paysan,False,UNKNOWN,1,5,58,1,1,0.5333333333333333,0.0,0.05110577023352421
mathurin,Mathurin,False,MALE,2,11,111,7,12,0.8888888888888888,0.0,0.35228833815081434
françoise,Françoise,False,FEMALE,2,7,65,7,12,0.8888888888888888,0.0,0.35228833815081434
le-comte,Le Comte,False,UNKNOWN,2,21,464,7,8,0.8888888888888888,0.0,0.35228833815081434
