id,name,isGroup,gender,numOfScenes,numOfSpeechActs,numOfWords,degree,weightedDegree,closeness,betweenness,eigenvector
berger,Berger,False,UNKNOWN,1,1,60,1,1,0.375,0.0,0.04414794180111323
choeur,Choeur de Bergers et de Bergères,False,UNKNOWN,2,2,58,2,2,0.5454545454545454,0.3333333333333333,0.14965778058943754
hylas,Hylas,False,MALE,6,14,377,4,8,0.75,0.5333333333333333,0.46318387252054183
sylvie,Sylvie,False,FEMALE,7,25,554,4,10,0.6666666666666666,0.13333333333333333,0.49571243262456716
lysis,Lysis,False,MALE,4,25,816,3,5,0.6,0.0,0.4290927119886682
le-choeur,Le Choeur,False,UNKNOWN,1,3,30,2,2,0.46153846153846156,0.0,0.2924585799420519
timarette,Timarette,False,UNKNOWN,4,9,302,4,8,0.6666666666666666,0.13333333333333333,0.49571243262456716
