id,name,isGroup,gender,numOfScenes,numOfSpeechActs,numOfWords,degree,weightedDegree,closeness,betweenness,eigenvector
mondor,Mondor,False,MALE,6,120,2080,2,6,0.6,0.0,0.20674906543397611
lisette,Lisette,False,FEMALE,20,166,3141,5,20,0.8571428571428571,0.1,0.4343801048970389
dorante,Dorante,False,MALE,14,145,3119,4,18,0.75,0.0,0.3960051384256908
damis,Damis,False,MALE,23,257,5678,6,29,1.0,0.26666666666666666,0.4727550713683869
francaleu,Francaleu,False,MALE,19,163,3895,5,28,0.8571428571428571,0.1,0.4343801048970389
baliveau,Baliveau,False,UNKNOWN,7,78,1976,2,10,0.6,0.0,0.20674906543397611
lucile,Lucile,False,FEMALE,4,40,1156,4,7,0.75,0.0,0.3960051384256909
