id,name,isGroup,gender,numOfScenes,numOfSpeechActs,numOfWords,degree,weightedDegree,closeness,betweenness,eigenvector
frontin,Frontin,False,MALE,3,21,417,3,4,0.6666666666666666,0.0,0.27820120557887607
eraste,Eraste,False,MALE,8,60,1051,6,14,1.0,0.1111111111111111,0.44672655760973323
clitandre,Clitandre,False,MALE,8,58,1837,6,12,1.0,0.1111111111111111,0.44672655760973323
lisette,Lisette,False,FEMALE,11,61,956,6,15,1.0,0.1111111111111111,0.44672655760973323
beronte,Béronte,False,MALE,5,28,798,4,10,0.75,0.0,0.3510799955903163
lucile,Lucile,False,FEMALE,4,36,593,4,10,0.75,0.0,0.3510799955903163
l-olive,L'Olive,False,MALE,6,46,1045,3,5,0.6666666666666666,0.0,0.27820120557887607
