id,name,isGroup,gender,numOfScenes,numOfSpeechActs,numOfWords,degree,weightedDegree,closeness,betweenness,eigenvector
fabrice,Fabrice,False,MALE,2,29,926,4,4,0.6666666666666666,0.0,0.19676857982390683
philinte,Philinte,False,MALE,9,38,949,8,29,1.0,0.03571428571428571,0.35831440692132627
diane,Diane,False,FEMALE,14,94,2601,8,45,1.0,0.03571428571428571,0.35831440692132627
ismene,Ismène,False,FEMALE,19,113,3232,7,59,0.8888888888888888,0.0,0.33456138045378
thimante,Thimante,False,MALE,14,38,1173,7,50,0.8888888888888888,0.0,0.33456138045378
thersandre,Thersandre,False,MALE,11,84,2512,8,36,1.0,0.03571428571428571,0.35831440692132627
felicie,Félicie,False,FEMALE,9,62,2758,8,34,1.0,0.03571428571428571,0.35831440692132627
clidamant,Clidamant,False,MALE,12,55,1794,7,41,0.8888888888888888,0.0,0.33456138045378003
parthenie,Parthénie,False,FEMALE,11,44,1026,7,42,0.8888888888888888,0.0,0.33456138045378003
