id,name,isGroup,gender,numOfScenes,numOfSpeechActs,numOfWords,degree,weightedDegree,closeness,betweenness,eigenvector
vologese,Vologese,False,MALE,5,16,1092,3,7,0.7142857142857143,0.0,0.3292361392291901
le-roi,Le Roi,False,UNKNOWN,14,50,4446,4,19,0.8333333333333334,0.03333333333333333,0.4091667403467469
araxie,Araxie,False,FEMALE,17,41,2740,5,18,1.0,0.11666666666666665,0.47348299147854844
medonie,Médonie,False,FEMALE,10,29,1952,3,11,0.7142857142857143,0.0,0.3292361392291901
pharasmane,Pharasmane,False,MALE,18,57,3376,4,17,0.8333333333333334,0.03333333333333333,0.4091667403467469
arsace,Arsace,False,MALE,12,34,1483,5,20,1.0,0.11666666666666665,0.47348299147854844
