id,name,isGroup,gender,numOfScenes,numOfSpeechActs,numOfWords,degree,weightedDegree,closeness,betweenness,eigenvector
hippolyte,Hippolyte,False,MALE,9,43,2608,4,10,0.7,0.015873015873015872,0.4058997954679863
idas,Idas,False,MALE,2,11,1061,3,3,0.6363636363636364,0.0,0.3314625149781494
aricie,Aricie,False,FEMALE,12,47,2368,6,14,0.875,0.25396825396825395,0.49245217367498145
phedre,Phèdre,False,FEMALE,15,59,5084,4,13,0.7,0.07142857142857142,0.38253653216480454
cleone,Cléone,False,FEMALE,2,4,139,2,2,0.5384615384615384,0.0,0.2113988150650882
thesee,Thésée,False,MALE,10,44,3880,6,13,0.875,0.37301587301587297,0.4735815026912931
arcas,Arcas,False,MALE,1,9,103,1,1,0.5,0.0,0.11441915103616886
megiste,Mégiste,False,FEMALE,1,1,22,2,2,0.5833333333333334,0.0,0.2333966036158501
