id,name,isGroup,gender,numOfScenes,numOfSpeechActs,numOfWords,degree,weightedDegree,closeness,betweenness,eigenvector
andronic,Andronic,False,MALE,15,58,3583,5,18,0.8571428571428571,0.23333333333333334,0.5067828867849735
leon,Léon,False,MALE,3,6,549,2,3,0.5454545454545454,0.0,0.27613108496021
bajazet,Bajazet,False,MALE,5,27,2323,3,7,0.6666666666666666,0.0,0.3885406868392297
tamerlan,Tamerlan,False,MALE,12,51,3313,4,15,0.75,0.3333333333333333,0.4126083797705937
asterie,Astérie,False,MALE,15,60,4084,5,18,0.8571428571428571,0.23333333333333334,0.5067828867849735
zaïde,Zaïde,False,MALE,3,9,234,2,4,0.5454545454545454,0.0,0.27613108496021
tamur,Tamur,False,MALE,1,3,158,1,1,0.46153846153846156,0.0,0.11240960268036466
