id,name,isGroup,gender,numOfScenes,numOfSpeechActs,numOfWords,degree,weightedDegree,closeness,betweenness,eigenvector
proetus,Proetus,False,MALE,10,65,2787,6,13,0.875,0.3174603174603174,0.4133980196081763
licas,Licas,False,MALE,1,1,108,1,1,0.5,0.0,0.0856637196677128
bellerophon,Béllérophon,False,MALE,7,51,2165,4,7,0.7,0.0,0.35237109267880984
stenobee,Stenobée,False,FEMALE,12,98,5584,6,16,0.875,0.10317460317460315,0.4444732306139803
megare,Mégare,False,FEMALE,6,26,630,3,8,0.6363636363636364,0.0,0.26986799553805363
philonoe,Philonoe,False,FEMALE,12,58,1585,6,17,0.875,0.10317460317460315,0.4444732306139803
ladice,Ladice,False,FEMALE,2,7,136,3,4,0.5833333333333334,0.0,0.26670738131065885
timante,Timante,False,MALE,3,12,665,5,6,0.7777777777777778,0.047619047619047616,0.39815066223089196
