id,name,isGroup,gender,numOfScenes,numOfSpeechActs,numOfWords,degree,weightedDegree,closeness,betweenness,eigenvector
isabelle,Isabelle,False,FEMALE,5,17,242,5,13,0.7142857142857143,0,0.4082482904636221
marine,Marine,False,FEMALE,6,43,807,5,14,0.7142857142857143,0,0.4082482904636221
panfile,Panfile,False,MALE,3,74,1067,5,10,0.7142857142857143,0,0.4082482904636221
tersandre,Tersandre,False,MALE,3,13,301,5,11,0.7142857142857143,0,0.4082482904636221
ragotin,Ragotin,False,MALE,2,13,38,5,9,0.7142857142857143,0,0.4082482904636221
le-docteur,Le Docteur,False,MALE,1,42,1045,5,5,0.7142857142857143,0,0.4082482904636221
la-fleur,La Fleur,False,UNKNOWN,1,3,104,1,1,0.14285714285714285,0,7.681911829603325e-07
la-roque,La Roque,False,UNKNOWN,1,2,19,1,1,0.14285714285714285,0,7.681911829603325e-07
