id,name,isGroup,gender,numOfScenes,numOfSpeechActs,numOfWords,degree,weightedDegree,closeness,betweenness,eigenvector
silvandre,Silvandre,False,MALE,1,1,52,1,1,0.16666666666666666,0.0,2.1740113984108503e-06
coridon,Coridon,False,MALE,2,5,179,2,2,0.25,0.03571428571428571,3.0745164043863052e-06
lycas,Lycas,False,MALE,2,1,28,3,3,0.44642857142857145,0.0,0.3859635018810424
iris,Iris,False,FEMALE,3,7,268,5,7,0.625,0.15476190476190474,0.4962968385069539
caliste,Caliste,False,FEMALE,2,0,148,4,6,0.5208333333333334,0.011904761904761904,0.4679011741622227
le-choeur,Le Choeur,False,UNKNOWN,2,0,35,4,6,0.5208333333333334,0.011904761904761904,0.4679011741622227
menalque,Ménalque,False,MALE,1,4,119,1,1,0.16666666666666666,0.0,2.1740113984108503e-06
daphnis,Daphnis,False,MALE,1,1,62,3,3,0.44642857142857145,0.0,0.3859635018810424
l-echo,Caliste,False,FEMALE,1,6,63,1,1,0.3472222222222222,0.0,0.13375642390468173
