id,name,isGroup,gender,numOfScenes,numOfSpeechActs,numOfWords,degree,weightedDegree,closeness,betweenness,eigenvector
hippolyte,Hippolyte,False,MALE,11,42,3012,5,11,0.7777777777777778,0.14285714285714285,0.4383729544446303
theramene,Théramène,False,MALE,4,17,1521,3,5,0.6363636363636364,0.0,0.2929776332007193
oenone,Oenone,False,FEMALE,9,48,1775,4,11,0.6363636363636364,0.015873015873015872,0.38045106959304215
phedre,Phèdre,False,FEMALE,12,59,4200,4,13,0.6363636363636364,0.015873015873015872,0.38045106959304215
panope,Panope,False,FEMALE,3,6,317,3,5,0.5833333333333334,0.0,0.29668522952870996
aricie,Aricie,False,FEMALE,6,22,1176,4,7,0.7,0.2857142857142857,0.3068274735776996
ismene,Ismène,False,FEMALE,1,7,282,1,1,0.4375,0.0,0.0724797388837952
thesee,Thésée,False,MALE,12,37,1977,6,11,0.875,0.30158730158730157,0.4950643291890165
