id,name,isGroup,gender,numOfScenes,numOfSpeechActs,numOfWords,degree,weightedDegree,closeness,betweenness,eigenvector
oreste,Oreste,False,MALE,11,54,3752,3,9,0.6363636363636364,0.2857142857142857,0.27073138267472485
pylade,Pylade,False,MALE,3,19,1066,1,3,0.4117647058823529,0.0,0.07539447383412803
pyrrhus,Pyrrhus,False,MALE,9,40,2900,5,10,0.7777777777777778,0.3333333333333333,0.5192943216068491
phoenix,Phoenix,False,MALE,4,15,297,3,6,0.5384615384615384,0.0,0.3780998237023703
andromaque,Andromaque,False,FEMALE,6,33,2099,4,8,0.6363636363636364,0.09523809523809523,0.46032263860643724
hermione,Hermione,False,FEMALE,12,51,3700,4,11,0.7,0.3333333333333333,0.37747499854376104
cleone,Cléone,False,FEMALE,5,18,747,1,5,0.4375,0.0,0.10512059641410562
cephise,Céphise,False,FEMALE,4,17,401,3,6,0.5384615384615384,0.0,0.3780998237023702
