id,name,isGroup,gender,numOfScenes,numOfSpeechActs,numOfWords,degree,weightedDegree,closeness,betweenness,eigenvector
albine,Albine,False,FEMALE,3,12,743,2,4,0.6,0.0,0.17338971815685608
agrippine,Agrippine,False,FEMALE,15,41,3936,6,18,1.0,0.2444444444444444,0.46224761926383373
burrhus,Burrhus,False,MALE,11,32,2454,4,12,0.75,0.06666666666666667,0.3284425477371531
britannicus,Britannicus,False,MALE,9,44,2117,4,10,0.75,0.0,0.37199291783323096
narcisse,Narcisse,False,MALE,7,34,1402,4,9,0.75,0.0,0.37199291783323096
neron,Néron,False,MALE,13,77,3175,5,15,0.8571428571428571,0.04444444444444444,0.43106332198539576
junie,Junie,False,FEMALE,10,40,1443,5,12,0.8571428571428571,0.04444444444444444,0.43106332198539576
