id,name,isGroup,gender,numOfScenes,numOfSpeechActs,numOfWords,degree,weightedDegree,closeness,betweenness,eigenvector
xiphares,Xipharès,False,MALE,10,39,2971,5,15,0.8571428571428571,0.06111111111111111,0.4051678169743599
arbate,Arbate,False,MALE,5,22,1305,4,6,0.75,0.016666666666666666,0.34434918270928894
monime,Monime,False,FEMALE,16,70,3846,6,22,1.0,0.09999999999999996,0.463682439119582
pharnace,Pharnace,False,MALE,5,16,1094,4,9,0.75,0.016666666666666666,0.34434918270928894
phoedime,Phoedime,False,FEMALE,6,18,524,4,9,0.75,0.03888888888888888,0.33130345347088364
mithridate,Mithridate,False,MALE,15,45,5135,5,12,0.8571428571428571,0.06111111111111111,0.4051678169743599
arcas,Arcas,False,MALE,3,4,63,4,5,0.75,0.03888888888888888,0.3313034534708836
