id,name,isGroup,gender,numOfScenes,numOfSpeechActs,numOfWords,degree,weightedDegree,closeness,betweenness,eigenvector
la-critique,La Critique,False,FEMALE,8,79,2212,7,9,1.0,0.9047619047619047,0.6546540869254727
le-suivant-d-apollon,Le Suivant D Apollon,False,UNKNOWN,1,8,212,1,1,0.5384615384615384,0.0,0.21821778618156068
belise,Belise,False,FEMALE,1,14,902,1,1,0.5384615384615384,0.0,0.21821778618156068
l-arlequin-français,L'Arlequin Français,False,MALE,2,36,993,2,3,0.5833333333333334,0.0,0.32732667927234105
l-arlequin-italien,L'Arlequin Italien,False,MALE,1,18,313,2,2,0.5833333333333334,0.0,0.32732667927234105
le-marquis,Le Marquis,False,MALE,1,18,882,1,1,0.5384615384615384,0.0,0.21821778618156068
filemon,Filemon,False,MALE,2,9,557,2,3,0.5833333333333334,0.0,0.32732667927234105
l-auteur,L'Auteur,False,MALE,1,9,814,2,2,0.5833333333333334,0.0,0.32732667927234105
