id,name,isGroup,gender,numOfScenes,numOfSpeechActs,numOfWords,degree,weightedDegree,closeness,betweenness,eigenvector
abraham,Abraham,False,MALE,10,117,2459,4,12,1.0,0.5833333333333333,0.5825392535755105
ephrem,Ephrem,False,MALE,4,66,903,2,5,0.6666666666666666,0.0,0.41191709737006765
marie,Marie,False,FEMALE,5,45,698,3,7,0.8,0.08333333333333333,0.5236826290621273
l-ami,L Ami,False,UNKNOWN,1,11,142,1,1,0.5714285714285714,0.0,0.21691733875073663
l-hotelier,L Hotelier,False,UNKNOWN,2,11,168,2,3,0.6666666666666666,0.0,0.41191709737006765
