id,name,isGroup,gender,numOfScenes,numOfSpeechActs,numOfWords,degree,weightedDegree,closeness,betweenness,eigenvector
le-comte,Le Comte,False,MALE,12,34,942,3,19,0.6153846153846154,0.0,0.1886743278121019
orantee,Orantée,False,MALE,30,133,5703,8,47,1.0,0.18571428571428572,0.40856507789983765
lydie,Lydie,False,FEMALE,11,21,713,6,23,0.8,0.007142857142857143,0.36341154775741663
laure,Laure,False,FEMALE,20,81,2838,7,38,0.8888888888888888,0.06071428571428571,0.3901176429348927
octave,Octave,False,MALE,20,83,2488,7,32,0.8888888888888888,0.09642857142857143,0.3818589827223616
le-roi,Le Roi,False,UNKNOWN,16,67,2821,6,27,0.8,0.035714285714285705,0.3456027699580266
clidamas,Clidamas,False,MALE,3,7,725,5,7,0.7272727272727273,0.0,0.31449307630126805
arban,Arban,False,MALE,1,2,148,2,2,0.5714285714285714,0.0,0.1303282064617631
l-infante,L'Infante,False,FEMALE,4,19,773,6,13,0.8,0.007142857142857143,0.36341154775741663
