id,name,isGroup,gender,numOfScenes,numOfSpeechActs,numOfWords,degree,weightedDegree,closeness,betweenness,eigenvector
theane,Théane,False,FEMALE,16,58,2328,7,29,0.8888888888888888,0.17857142857142855,0.4202361100686454
cephise,Céphise,False,FEMALE,14,92,3863,6,24,0.8,0.10714285714285714,0.38341643627295424
filandre,Filandre,False,MALE,15,96,3879,6,28,0.8,0.10714285714285714,0.38341643627295424
thimante,Thimante,False,MALE,9,27,1181,7,14,0.8888888888888888,0.17857142857142855,0.4202361100686454
celidor,Célidor,False,MALE,9,39,1578,5,19,0.7272727272727273,0.0,0.36156794396992176
neree,Nérée,False,FEMALE,11,69,2064,5,22,0.7272727272727273,0.0,0.36156794396992176
dorilas,Dorilas,False,MALE,1,4,454,2,2,0.5,0.0,0.14082245819585273
menalque,Ménalque,False,MALE,1,3,188,3,3,0.5714285714285714,0.0,0.18906768025583612
damete,Damète,False,MALE,1,2,30,3,3,0.5714285714285714,0.0,0.18906768025583612
