id,name,isGroup,gender,numOfScenes,numOfSpeechActs,numOfWords,degree,weightedDegree,closeness,betweenness,eigenvector
alexandre,Alexandre,False,MALE,10,54,1420,4,9,1.0,0.5833333333333333,0.5825392535755105
aridee,Aridée,False,MALE,5,42,1608,3,6,0.8,0.08333333333333333,0.5236826290621273
philippe,Philippe,False,MALE,4,24,432,2,5,0.6666666666666666,0.0,0.41191709737006765
statire,Statire,False,FEMALE,3,16,399,2,2,0.6666666666666666,0.0,0.41191709737006765
ephestion,Ephestion,False,MALE,2,15,412,1,2,0.5714285714285714,0.0,0.21691733875073665
