id,name,isGroup,gender,numOfScenes,numOfSpeechActs,numOfWords,degree,weightedDegree,closeness,betweenness,eigenvector
jacquard,Jacquard,False,MALE,2,16,314,2,3,0.625,0.0,0.21951269030851558
dorante,Dorante,False,MALE,10,71,2260,5,19,1.0,0.15000000000000002,0.46113715335008537
macker,Macker,False,MALE,5,29,714,4,13,0.8333333333333334,0.0,0.41893485189381474
goternitz,Goternitz,False,MALE,6,23,794,4,16,0.8333333333333334,0.0,0.41893485189381474
sophie,Sophie,False,FEMALE,8,42,1041,5,16,1.0,0.15000000000000002,0.46113715335008537
frederich,Frédérich,False,MALE,2,15,484,4,7,0.8333333333333334,0.0,0.41893485189381474
