id,name,isGroup,gender,numOfScenes,numOfSpeechActs,numOfWords,degree,weightedDegree,closeness,betweenness,eigenvector
isabelle,Isabelle,False,FEMALE,10,75,2146,7,23,1.0,0.073015873015873,0.39863761580800006
eliante,Eliante,False,FEMALE,6,16,443,6,16,0.875,0.009523809523809525,0.3700003667393041
dorante,Dorante,False,MALE,12,105,1954,7,21,1.0,0.073015873015873,0.39863761580800006
carlin,Carlin,False,MALE,8,73,1730,5,10,0.7777777777777778,0.0,0.3236438930103509
lisette,Lisette,False,FEMALE,10,80,1707,7,24,1.0,0.073015873015873,0.39863761580800006
valere,Valère,False,MALE,5,14,329,6,16,0.875,0.009523809523809525,0.3700003667393041
un-laquais,Un Laquais,False,MALE,1,1,4,3,3,0.6363636363636364,0.0,0.19993216861853394
le-notaire,Le Notaire,False,UNKNOWN,1,3,131,5,5,0.7777777777777778,0.0,0.3236438930103509
