id,name,isGroup,gender,numOfScenes,numOfSpeechActs,numOfWords,degree,weightedDegree,closeness,betweenness,eigenvector
lucinde,Lucinde,False,MALE,9,48,1201,6,18,1.0,0.09444444444444444,0.43413743952990325
marton,Marton,False,FEMALE,7,34,765,5,16,0.8571428571428571,0.016666666666666666,0.39278904810701104
angelique,Angélique,False,FEMALE,8,63,1740,4,14,0.75,0.0,0.3297331631108995
valere,Valère,False,MALE,8,104,1730,6,14,1.0,0.09444444444444444,0.43413743952990336
frontin,Frontin,False,MALE,6,60,952,3,6,0.6666666666666666,0.0,0.2487385904224799
lisimon,Lisimon,False,MALE,2,25,733,5,6,0.8571428571428571,0.04444444444444444,0.37932578260742345
leandre,Léandre,False,MALE,3,6,153,5,10,0.8571428571428571,0.016666666666666666,0.39278904810701104
