id,name,isGroup,gender,numOfScenes,numOfSpeechActs,numOfWords,degree,weightedDegree,closeness,betweenness,eigenvector
colin,Colin,False,MALE,4,11,411,5,10,0.8571428571428571,0.04444444444444444,0.40211600189277097
gregoire,Grégoire,False,MALE,7,47,1611,6,17,1.0,0.1222222222222222,0.4489686585639245
perrette,Perrette,False,FEMALE,5,12,287,6,16,1.0,0.1222222222222222,0.4489686585639245
dufoin,Dufoin,False,MALE,1,5,106,3,3,0.6666666666666666,0.0,0.27133713793002273
lucette,Lucette,False,FEMALE,5,12,305,5,14,0.8571428571428571,0.04444444444444444,0.40211600189277097
monsieur-million,Monsieur Million,False,MALE,2,13,650,4,7,0.75,0.0,0.3552633452216174
le-gascon,Le Gascon,False,UNKNOWN,1,12,228,3,3,0.6666666666666666,0.0,0.27133713793002273
