id,name,isGroup,gender,numOfScenes,numOfSpeechActs,numOfWords,degree,weightedDegree,closeness,betweenness,eigenvector
griffon,Griffon,False,MALE,2,8,351,2,3,0.6,0.0,0.1990142119502876
jourdain,Jourdain,False,MALE,5,28,678,6,11,1.0,0.17777777777777776,0.4587085836902085
hortensius,Hortensius,False,MALE,3,9,466,5,8,0.8571428571428571,0.04444444444444444,0.4232323852379887
l-abbe,L Abbe,False,UNKNOWN,3,8,326,6,9,1.0,0.17777777777777776,0.4587085836902085
blazonnet,Blazonnet,False,MALE,1,12,468,3,3,0.6666666666666666,0.0,0.29082524499577
goule,Goule,False,UNKNOWN,1,1,117,4,4,0.75,0.0,0.37139011759776624
coule,Coulé,False,MALE,1,2,66,4,4,0.75,0.0,0.37139011759776624
