id,name,isGroup,gender,numOfScenes,numOfSpeechActs,numOfWords,degree,weightedDegree,closeness,betweenness,eigenvector
l-auteur,L'Auteur,False,FEMALE,2,19,409,1,1,0.14285714285714285,0,7.681911829603323e-07
la-cabale,La Cabale,False,UNKNOWN,1,18,423,1,1,0.14285714285714285,0,7.681911829603323e-07
le-gouverneur,Le Gouverneur,False,MALE,3,31,850,5,9,0.7142857142857143,0,0.4082482904636221
rustaut,Rustaut,False,MALE,10,87,2306,5,14,0.7142857142857143,0,0.4082482904636221
valere,Valère,False,MALE,7,68,1375,5,14,0.7142857142857143,0,0.4082482904636221
frontin,Frontin,False,MALE,9,67,1198,5,19,0.7142857142857143,0,0.4082482904636221
crispin,Crispin,False,MALE,10,78,1976,5,19,0.7142857142857143,0,0.4082482904636221
henriette,Henriette,False,FEMALE,3,11,324,5,9,0.7142857142857143,0,0.4082482904636221
