id,name,isGroup,gender,numOfScenes,numOfSpeechActs,numOfWords,degree,weightedDegree,closeness,betweenness,eigenvector
catherine,Catherine,False,MALE,11,52,1940,6,29,1.0,0.013333333333333334,0.3917297923670649
mariette,Mariette,False,UNKNOWN,19,114,2717,6,33,1.0,0.013333333333333334,0.3917297923670649
jean,Jean,False,UNKNOWN,10,60,2438,6,18,1.0,0.013333333333333334,0.3917297923670649
françois,François,False,UNKNOWN,26,146,4977,6,41,1.0,0.013333333333333334,0.3917297923670649
madeleine,Madeleine,False,UNKNOWN,12,67,2086,6,31,1.0,0.013333333333333334,0.3917297923670649
jeannie,Jeannie,False,FEMALE,6,11,154,5,18,0.8571428571428571,0.0,0.3411296299504641
severe,Sévère,False,FEMALE,7,59,2229,5,14,0.8571428571428571,0.0,0.3411296299504641
