id,name,isGroup,gender,numOfScenes,numOfSpeechActs,numOfWords,degree,weightedDegree,closeness,betweenness,eigenvector
iphise,Iphise,False,FEMALE,4,16,535,2,5,0.5333333333333333,0.0,0.19594265760662244
arthesis,Arthésis,False,MALE,25,108,3997,7,27,0.8888888888888888,0.3154761904761904,0.48189445289329047
ramesses,Ramesses,False,MALE,10,54,1414,5,8,0.7272727272727273,0.07142857142857142,0.4000105969924497
nephte,Nephté,False,FEMALE,6,34,1394,4,7,0.6666666666666666,0.25,0.2741456317027796
palmis,Palmis,False,FEMALE,1,8,133,1,1,0.42105263157894735,0.0,0.05867805765855926
sosis,Sosis,False,MALE,11,57,1812,4,15,0.6666666666666666,0.023809523809523808,0.340238495132681
amenophis,Aménophis,False,MALE,9,79,2444,6,14,0.7272727272727273,0.11309523809523807,0.4335616179448392
l-officier,L Officier,False,UNKNOWN,3,3,20,4,5,0.6153846153846154,0.011904761904761904,0.33903129573617513
le-grand-pretre,Le Grand Pretre,False,UNKNOWN,2,6,158,3,4,0.5714285714285714,0.0,0.26850821597956515
