id,name,isGroup,gender,numOfScenes,numOfSpeechActs,numOfWords,degree,weightedDegree,closeness,betweenness,eigenvector
dorante,Dorante,False,MALE,6,38,895,5,9,0.6805555555555556,0.0,0.40096471993440297
cidalise,Cidalise,False,FEMALE,7,55,1741,5,11,0.6805555555555556,0.0,0.40096471993440297
julie,Julie,False,FEMALE,9,26,656,5,12,0.6805555555555556,0.0,0.40096471993440297
le-marquis,Le Marquis,False,FEMALE,11,49,1138,6,16,0.765625,0.21428571428571427,0.4144454746930374
monsieur-dumont,Monsieur Dumont,False,UNKNOWN,1,10,118,1,1,0.4375,0.0,0.08178957905695582
la-comtesse,La Comtesse,False,FEMALE,9,63,1278,6,15,0.765625,0.21428571428571427,0.4144454746930374
geronte,Géronte,False,MALE,7,25,666,5,13,0.6805555555555556,0.0,0.40096471993440297
finette,Finette,False,FEMALE,1,14,175,1,1,0.4375,0.0,0.08178957905695582
tous,Tous,False,UNKNOWN,1,1,219,0,0,0.0,0.0,3.457162248936229e-08
