id,name,isGroup,gender,numOfScenes,numOfSpeechActs,numOfWords,degree,weightedDegree,closeness,betweenness,eigenvector
madame-beverlei,Madame Béverlei,False,FEMALE,19,117,2460,7,36,0.8888888888888888,0.10416666666666664,0.43230037191714893
henriette,Henriette,False,FEMALE,17,73,1458,6,32,0.8,0.04464285714285714,0.39640899684941294
jarvis,Jarvis,False,MALE,10,45,981,5,14,0.7272727272727273,0.023809523809523808,0.34710573758486696
stukeli,Stukéli,False,MALE,10,76,1611,5,11,0.7272727272727273,0.008928571428571428,0.3590729158358641
tomi,Tomi,False,MALE,4,10,76,3,9,0.6153846153846154,0.0,0.23756746259741218
leuson,Leuson,False,MALE,8,44,999,4,15,0.6666666666666666,0.0,0.304521767169998
beverlei,Béverlei,False,MALE,24,148,4421,8,35,1.0,0.35416666666666663,0.4453513829259002
l-inconnu,L Inconnu,False,UNKNOWN,1,1,15,1,1,0.5333333333333333,0.0,0.08304248082663714
le-sergent,Le Sergent,False,UNKNOWN,1,4,23,3,3,0.6153846153846154,0.0,0.22837431958249452
