id,name,isGroup,gender,numOfScenes,numOfSpeechActs,numOfWords,degree,weightedDegree,closeness,betweenness,eigenvector
beatrix,Béatrix,False,FEMALE,5,30,1148,5,11,0.7272727272727273,0.0,0.30050412002391486
leonor,Léonor de Gusman,False,FEMALE,10,89,2935,7,22,0.8888888888888888,0.05059523809523809,0.37162966215747684
helene,Helene,False,UNKNOWN,12,119,1826,7,27,0.8888888888888888,0.047619047619047616,0.37272705133072953
don-juan,Don Juan Bracamont,False,MALE,5,28,964,5,14,0.7272727272727273,0.008928571428571428,0.28453635320198317
don-diegue,Don Diègue de Mendoce,False,MALE,16,141,2902,8,38,1.0,0.0982142857142857,0.4047746878006187
paquette,Paquette,False,FEMALE,7,23,549,6,17,0.8,0.017857142857142856,0.3336491456670567
rosquepine,Rosquepine,False,UNKNOWN,6,18,416,4,12,0.6666666666666666,0.0,0.23334673011044754
filipin,Filipin,False,MALE,10,119,3920,8,25,1.0,0.0982142857142857,0.4047746878006187
carmagnolle,Carmagnolle,False,MALE,1,18,48,4,4,0.6666666666666666,0.0,0.2413394545871372
