id,name,isGroup,gender,numOfScenes,numOfSpeechActs,numOfWords,degree,weightedDegree,closeness,betweenness,eigenvector
matamore,Matamore,False,MALE,28,90,11717,1,1,0.5333333333333333,0.0,0.0511057702335242
bonniface,Bonniface,False,MALE,2,69,373,8,8,1.0,0.25,0.35866235914770955
le-capitaine,Le Capitaine,False,UNKNOWN,2,24,673,7,9,0.8888888888888888,0.0,0.35228833815081434
angelique,Angelique,False,UNKNOWN,2,24,305,7,9,0.8888888888888888,0.0,0.35228833815081434
alison,Alison,False,MALE,2,16,265,7,9,0.8888888888888888,0.0,0.35228833815081434
philipin,Philipin,False,MALE,1,8,286,7,7,0.8888888888888888,0.0,0.35228833815081434
beau-chateau,Beau-Château,False,MALE,1,12,186,7,7,0.8888888888888888,0.0,0.35228833815081434
beau-lieu,Beau-Lieu,False,MALE,1,8,108,7,7,0.8888888888888888,0.0,0.35228833815081434
tous-deux,Tous Deux,False,UNKNOWN,1,1,8,7,7,0.8888888888888888,0.0,0.35228833815081434
