id,name,isGroup,gender,numOfScenes,numOfSpeechActs,numOfWords,degree,weightedDegree,closeness,betweenness,eigenvector
lelio,Lélio,False,MALE,12,123,2116,7,26,1.0,0.1468253968253968,0.4393649271609931
tous,Tous,False,UNKNOWN,2,5,66,4,5,0.7,0.015873015873015872,0.2837476104347584
carle,Carle,False,MALE,3,15,171,6,9,0.875,0.05952380952380952,0.4045013894871701
arlequin,Arlequin,False,MALE,9,60,1473,7,21,1.0,0.1468253968253968,0.4393649271609931
ali,Ali,False,MALE,2,20,500,3,5,0.6363636363636364,0.0,0.21950053414857534
taher,Taher,False,MALE,5,66,968,5,13,0.7777777777777778,0.011904761904761904,0.35943348244682605
isabelle,Isabelle,False,FEMALE,4,48,902,4,11,0.7,0.0,0.3101692507662398
les-esclaves,Les Esclaves,False,UNKNOWN,1,1,23,4,4,0.7,0.0,0.3101692507662398
