id,name,isGroup,gender,numOfScenes,numOfSpeechActs,numOfWords,degree,weightedDegree,closeness,betweenness,eigenvector
madame-de-mericourt,Madame de Méricourt,False,FEMALE,11,127,1371,5,22,0.7777777777777778,0.0,0.336812055223689
lucette,Lucette,False,MALE,11,54,617,7,26,1.0,0.09523809523809522,0.4159277126904739
nathaniel,Nathaniel,False,UNKNOWN,18,177,2294,7,34,1.0,0.09523809523809522,0.4159277126904739
françois,François,False,MALE,7,25,272,7,19,1.0,0.09523809523809522,0.4159277126904739
gaston,Gaston,False,UNKNOWN,9,61,657,5,18,0.7777777777777778,0.0,0.336812055223689
ensemble,Ensemble,False,UNKNOWN,1,1,0,4,4,0.7,0.0,0.26522191822716673
amelie,Amelie,False,UNKNOWN,1,1,3,4,4,0.7,0.0,0.26522191822716673
choeur,Choeur,False,UNKNOWN,1,1,21,5,5,0.7777777777777778,0.0,0.33681205522368896
