id,name,isGroup,gender,numOfScenes,numOfSpeechActs,numOfWords,degree,weightedDegree,closeness,betweenness,eigenvector
oedipe,Oedipe,False,MALE,11,193,5988,7,22,1.0,0.3412698412698412,0.4941387930496071
le-sacrificateur,Le Sacrificateur,False,MALE,2,4,483,2,3,0.5833333333333334,0.0,0.18514375366229302
creon,Créon,False,FEMALE,4,57,1284,4,9,0.7,0.047619047619047616,0.3361984809358702
le-choeur,Oedipe,False,FEMALE,12,46,2188,6,23,0.875,0.15079365079365076,0.46038293946039177
tiresias,Tirésias,False,FEMALE,1,27,904,2,2,0.5833333333333334,0.0,0.21283258454661436
jocaste,Jocaste,False,FEMALE,5,45,1117,4,11,0.7,0.015873015873015872,0.3681293796080645
le-messager,Le Messager,False,MALE,4,44,1179,4,9,0.7,0.015873015873015872,0.36028301371014504
le-serviteur,Le Serviteur,False,MALE,1,25,288,3,3,0.6363636363636364,0.0,0.29316543965832914
