id,name,isGroup,gender,numOfScenes,numOfSpeechActs,numOfWords,degree,weightedDegree,closeness,betweenness,eigenvector
patrice,Patrice,False,MALE,3,29,2132,4,7,0.6666666666666666,0.0,0.21332067892712192
emilie,Emilie,False,MALE,2,18,917,4,7,0.6666666666666666,0.0,0.21332067892712192
sainte-cecile,Sainte Cécile,False,MALE,6,82,4485,8,21,1.0,0.09523809523809523,0.391723500413847
valerian,Valérian,False,MALE,5,55,3544,8,19,1.0,0.09523809523809523,0.391723500413847
le-choeur,Le Choeur,False,MALE,4,4,526,8,16,1.0,0.09523809523809523,0.391723500413847
l-ange,L'Ange,False,MALE,2,7,661,6,10,0.8,0.0,0.3349054618674917
tiburce,Tiburce,False,MALE,2,26,1246,6,10,0.8,0.0,0.3349054618674917
almachie,Almachie,False,MALE,2,50,3703,6,8,0.8,0.0,0.3349054618674917
moustarot,Moustarot,False,MALE,2,23,1131,6,8,0.8,0.0,0.3349054618674917
