id,name,isGroup,gender,numOfScenes,numOfSpeechActs,numOfWords,degree,weightedDegree,closeness,betweenness,eigenvector
amintas,Amintas,False,MALE,11,29,2790,4,11,0.75,0.4,0.5379192141589545
licas,Licas,False,MALE,3,7,246,1,3,0.46153846153846156,0.0,0.18863175810524413
thelamire,Thélamire,False,MALE,14,43,3670,4,13,0.75,0.4,0.5379192141589544
elismene,Elismène,False,FEMALE,9,28,2438,3,9,0.6666666666666666,0.3333333333333333,0.4301623192507563
barsine,Barsine,False,FEMALE,2,6,200,1,2,0.42857142857142855,0.0,0.15084620696961143
lictimen,Lictimen,False,MALE,2,3,306,2,3,0.5454545454545454,0.0,0.37726351358853477
philax,Philax,False,MALE,1,3,239,1,1,0.46153846153846156,0.0,0.18863175810524413
