id,name,isGroup,gender,numOfScenes,numOfSpeechActs,numOfWords,degree,weightedDegree,closeness,betweenness,eigenvector
frontin,Frontin,False,MALE,7,46,865,6,15,0.875,0.0,0.3600661676509434
le-chevalier,Le Chevalier,False,MALE,8,75,1509,6,17,0.875,0.0,0.3600661676509434
la-comtesse,La Comtesse,False,FEMALE,8,41,712,7,21,1.0,0.06349206349206349,0.38588216865665903
la-marquise,La Marquise,False,FEMALE,10,79,1402,7,22,1.0,0.06349206349206349,0.38588216865665903
julie,Julie,False,FEMALE,3,22,590,6,7,0.875,0.0,0.36006616765094335
dorimont,Dorimont,False,MALE,5,54,1047,7,16,1.0,0.06349206349206349,0.38588216865665903
lisette,Lisette,False,FEMALE,5,28,428,6,11,0.875,0.0,0.3600661676509434
brigantin,Brigantin,False,MALE,1,5,63,3,3,0.6363636363636364,0.0,0.18626399381295417
