id,name,isGroup,gender,numOfScenes,numOfSpeechActs,numOfWords,degree,weightedDegree,closeness,betweenness,eigenvector
antoine,Antoine,False,MALE,5,35,2528,5,8,0.8571428571428571,0.0,0.34112962995046403
guillaumet,Guillaumet,False,MALE,11,64,1754,6,18,1.0,0.013333333333333334,0.3917297923670649
madelon,Madelon,False,FEMALE,13,81,1817,6,24,1.0,0.013333333333333334,0.3917297923670649
bernat,Bernat,False,MALE,9,57,1312,6,21,1.0,0.013333333333333334,0.3917297923670649
ramounet,Ramounet,False,MALE,3,11,260,5,9,0.8571428571428571,0.0,0.34112962995046403
bertoumiou,Bertoumiou,False,MALE,3,25,688,6,12,1.0,0.013333333333333334,0.3917297923670649
suzon,Suzon,False,FEMALE,3,10,137,6,12,1.0,0.013333333333333334,0.3917297923670649
