id,name,isGroup,gender,numOfScenes,numOfSpeechActs,numOfWords,degree,weightedDegree,closeness,betweenness,eigenvector
zopire,Zopire,False,MALE,11,62,3079,5,17,1.0,0.025,0.42844498358911093
phanor,Phanor,False,MALE,5,13,523,4,11,0.8333333333333334,0.0,0.3645130890306312
palmire,Palmire,False,MALE,15,70,2089,5,25,1.0,0.025,0.42844498358911093
omar,Omar,False,MALE,10,41,1967,5,15,1.0,0.025,0.42844498358911093
seide,Séide,False,MALE,14,66,2252,5,22,1.0,0.025,0.42844498358911093
mahomet,Mahomet,False,MALE,14,66,3110,4,16,0.8333333333333334,0.0,0.3645130890306312
