id,name,isGroup,gender,numOfScenes,numOfSpeechActs,numOfWords,degree,weightedDegree,closeness,betweenness,eigenvector
hippodamie,Hippodamie,False,FEMALE,13,47,2718,6,23,1.0,0.013333333333333334,0.3917297923670649
polemon,Polémon,False,MALE,10,34,2147,6,20,1.0,0.013333333333333334,0.3917297923670649
erope,Erope,False,FEMALE,16,63,2263,6,28,1.0,0.013333333333333334,0.3917297923670649
megare,Mégare,False,FEMALE,6,15,266,5,14,0.8571428571428571,0.0,0.3411296299504641
thyeste,Thyeste,False,MALE,11,40,1265,6,21,1.0,0.013333333333333334,0.3917297923670649
atree,Atrée,False,MALE,8,32,1997,6,11,1.0,0.013333333333333334,0.3917297923670649
idas,Idas,False,MALE,3,10,413,5,5,0.8571428571428571,0.0,0.3411296299504641
