id,name,isGroup,gender,numOfScenes,numOfSpeechActs,numOfWords,degree,weightedDegree,closeness,betweenness,eigenvector
coucy,Le Sieur de Coucy,False,MALE,10,44,3262,3,15,0.6666666666666666,0.0,0.4552960211200896
adelaide,Adélaïde du Guesclin,False,FEMALE,17,77,3241,4,24,0.75,0.3333333333333333,0.49112347318857047
taise,Taïse d'Anglure,False,FEMALE,3,11,248,1,3,0.46153846153846156,0.0,0.15176597708511766
vendome,Le Duc de Vendôme,False,MALE,20,103,4837,4,26,0.75,0.3333333333333333,0.49112347318857047
nemours,Le Duc de Nemours,False,MALE,9,58,1958,4,15,0.75,0.3333333333333333,0.49112347318857036
dangeste,Dangeste,False,MALE,1,9,203,1,1,0.46153846153846156,0.0,0.1517659770851177
officier,Un Officier,False,MALE,2,5,72,1,2,0.46153846153846156,0.0,0.15176597708511766
