id,name,isGroup,gender,numOfScenes,numOfSpeechActs,numOfWords,degree,weightedDegree,closeness,betweenness,eigenvector
egeste,Egeste,False,MALE,4,14,764,6,10,0.8,0.03273809523809523,0.38329669102752106
ydasan,Ydasan,False,MALE,9,36,1545,6,20,0.8,0.03273809523809523,0.38329669102752106
ydace,Ydace,False,FEMALE,8,29,1257,5,16,0.7272727272727273,0.0,0.34586635845214775
pretresse,Pretresse,False,UNKNOWN,9,28,1350,5,15,0.7272727272727273,0.0,0.34586635845214775
polycrate,Polycrate,False,MALE,2,14,375,4,5,0.6666666666666666,0.023809523809523808,0.2478487293172548
argide,Argide,False,MALE,7,27,1313,8,16,1.0,0.21726190476190474,0.4346503590523327
elpenor,Elpénor,False,MALE,3,9,334,3,4,0.6153846153846154,0.008928571428571428,0.19206587679465778
agathocle,Agathocle,False,MALE,5,16,1360,7,10,0.8888888888888888,0.14880952380952378,0.3972200264769593
officier,Officier,False,UNKNOWN,1,1,2,2,2,0.5714285714285714,0.0,0.14797715960596913
