id,name,isGroup,gender,numOfScenes,numOfSpeechActs,numOfWords,degree,weightedDegree,closeness,betweenness,eigenvector
veronique,Véronique,False,FEMALE,4,31,469,4,7,0.75,0.02222222222222222,0.35528747965475455
madame-hubert,Madame Hubert,False,FEMALE,6,47,739,3,8,0.6666666666666666,0.0,0.28854194382937637
madeleine,Madeleine,False,FEMALE,17,129,2978,6,23,1.0,0.16666666666666663,0.47224810846602366
francis,Francis,False,UNKNOWN,10,108,1902,6,16,1.0,0.16666666666666663,0.47224810846602366
jacques,Jacques,False,UNKNOWN,4,36,1069,4,6,0.75,0.02222222222222222,0.3674127855750264
joseph,Joseph,False,MALE,3,13,141,4,5,0.75,0.02222222222222222,0.35528747965475455
laurence,Laurence,False,FEMALE,3,11,375,3,5,0.6666666666666666,0.0,0.2885419438293764
